Year,Position,Artist,Song
1993,1,Denis Leary,Asshole
1993,2,Radiohead,Creep
1993,3,The Cranberries,Linger
1993,4,Blind Melon,No Rain
1993,5,The Breeders,Cannonball
1993,6,Rage Against the Machine,Killing in the Name
1993,7,U2,Lemon
1993,8,Pearl Jam,Go
1993,9,The Cruel Sea,The Honeymoon Is Over
1993,10,Atomic Swing,Stone Me into the Groove
1993,11,R.E.M.,Everybody Hurts
1993,12,Stone Temple Pilots,Plush
1993,13,Red Hot Chili Peppers,Soul to Squeeze
1993,14,Violent Femmes,I Held Her in My Arms
1993,15,Iggy Pop,Wild America
1993,16,Urge Overkill,Sister Havana
1993,17,Cypress Hill,Hits From the Bong
1993,18,Pet Shop Boys,Go West
1993,19,Neneh Cherry & Michael Stipe,Trout
1993,20,Nirvana,Heart-Shaped Box
1993,21,The Cruel Sea,Black Stick
1993,22,Nick Cave & The Bad Seeds,The Ship Song
1993,23,Bjork,Human Behaviour
1993,24,4 Non Blondes,What's Up?
1993,25,Belly,Feed the Tree
1993,26,Efua,Somewhere
1993,27,Tool,Sober
1993,28,Lenny Kravitz,Are You Gonna Go My Way
1993,29,Ace of Base,All That She Wants
1993,30,k.d. lang,Constant Craving
1993,31,U2,Numb
1993,32,Paw,Jessie
1993,33,Porno for Pyros,Pets
1993,34,US3,Cantaloop
1993,35,Salt-N-Pepa,Shoop
1993,36,Hoodoo Gurus,The Right Time
1993,37,Juliana Hatfield,My Sister
1993,38,Dinosaur Jr.,Get Me
1993,39,The Cure,Friday I'm in Love
1993,40,Ween,Push th' Little Daisies
1993,41,Yothu Yindi,World Turning
1993,42,Gabrielle,Dreams
1993,43,The Smashing Pumpkins,Cherub Rock
1993,44,Headless Chickens,Juice
1993,45,Dinosaur Jr.,Start Choppin
1993,46,King Missile,Detachable Penis
1993,47,Chaka Demus & Pliers,Tease Me
1993,48,Dave Graney 'n' the Coral Snakes,Night of the Wolverine
1993,49,Living Colour,Bi
1993,50,You Am I,Adam's Ribs
1993,51,Alice in Chains,Would?
1993,52,Soul Asylum,Runaway Train
1993,53,Buffalo Tom,Taillights Fade
1993,54,Hunters and Collectors,Holy Grail
1993,55,Deborah Conway,Alive and Brilliant
1993,56,Pet Shop Boys,Can You Forgive Her?
1993,57,Headless Chickens,Choppers
1993,58,King Missile,Jesus Was Way Cool
1993,59,Dave Graney 'n' the Coral Snakes,You're Just too Hip Baby
1993,60,Crowded House,Distant Sun
1993,61,Christine Anu & Paul Kelly,Last Train
1993,62,Faith No More,Easy
1993,63,The Sharp,Scratch My Back
1993,64,Screaming Trees,Nearly Lost You
1993,65,New Order,Regret
1993,66,Utah Saints,Something Good
1993,67,Apache Indian,Boom Shack-A-Lak
1993,68,Culture Beat,Mr Vain
1993,69,Suede,Animal Nitrate
1993,70,Ed Kuepper,Sleepy Head
1993,71,Living Colour,Nothingness {Remix}
1993,72,Barefoot,Baby
1993,73,Arrested Development,Mr. Wendal
1993,74,Sub Sub,Ain't No Love (Ain't No Use)
1993,75,Suede,The Drowners
1993,76,Caligula,Before
1993,77,The Badloves,Lost
1993,78,East 17,Deep
1993,79,The Lemonheads,Mrs. Robinson
1993,80,Alice in Chains,Rooster
1993,81,Cypress Hill,Insane in the Brain
1993,82,The Badloves,Green Limousine
1993,83,Underground Lovers,Your Eyes {Remix}
1993,84,Rage Against the Machine,Bullet in the Head
1993,85,Green Jelly,Three Little Pigs
1993,86,New Order,World (The Price of Love)
1993,87,Swoop,Do It
1993,88,Grant Lee Buffalo,Dixie Drug Store
1993,89,Mixed Relations,Aboriginal Woman
1993,90,Blur,For Tomorrow
1993,91,Things of Stone and Wood,Happy Birthday Helen
1993,92,Depeche Mode,I Feel You
1993,93,R.E.M.,Man on the Moon
1993,94,Inner Circle,Sweat (A La La La La Long)
1993,95,The Cruel Sea,Delivery Man
1993,96,"10,000 Maniacs",Candy Everybody Wants
1993,97,Kate Bush,Rubberband Girl
1993,98,Kev Carmody,Freedom
1993,99,The Shamen,Ebeneezer Goode
1993,100,Van Morrison & John Lee Hooker,Gloria
1994,1,The Cranberries,Zombie
1994,2,Nine Inch Nails,Closer
1994,3,The Offspring,Self Esteem
1994,4,The Offspring,Come Out & Play
1994,5,Silverchair,Tomorrow
1994,6,Veruca Salt,Seether
1994,7,Nirvana,About a Girl
1994,8,Max Sharam,Coma
1994,9,Tom Jones,If I Only Knew
1994,10,Severed Heads,Dead Eyes Opened {1994 Remix}
1994,11,Nick Cave & The Bad Seeds,Do You Love Me?
1994,12,James,Laid
1994,13,Bomb The Bass,Bug Powder Dust
1994,14,The Cruel Sea,Better Get A Lawyer
1994,15,Sheryl Crow,All I Wanna Do
1994,16,Beastie Boys,Sabotage
1994,17,Stone Temple Pilots,Interstate Love Song
1994,18,Green Day,Longview
1994,19,Underground Lovers,Losin' It
1994,20,Nick Barker,Time Bomb
1994,21,Itch-E and Scratch-E,Sweetness & Light
1994,22,Soundgarden,Black Hole Sun
1994,23,You Am I,Berlin Chair
1994,24,Green Day,Basket Case
1994,25,Smashing Pumpkins,Today
1994,26,Youssou N'dour & Neneh Cherry,7 Seconds
1994,27,Live,I Alone
1994,28,Hole,Doll Parts
1994,29,Beck,Beercan
1994,30,Kylie Minogue,Confide in Me
1994,31,Single Gun Theory,Fall
1994,32,Mazzy Star,Fade into You
1994,33,Liz Phair,Supernova
1994,34,Hole,Miss World
1994,35,Tori Amos,Cornflake Girl
1994,36,Pearl Jam,Spin the Black Circle
1994,37,The Prodigy,Voodoo People
1994,38,Rebecca's Empire,Atomic Electric
1994,39,Dave Pike Set,Mathar
1994,40,Weezer,Undone - The Sweater Song
1994,41,Kristin Hersh,Your Ghost
1994,42,Pet Shop Boys,Absolutely Fabulous
1994,43,Christine Anu,Monkey & The Turtle
1994,44,The Grid,Swamp Thing
1994,45,Beck,Loser
1994,46,Soundgarden,My Wave
1994,47,Counting Crows,Einstein on the Beach (For An Eggman)
1994,48,Counting Crows,Mr. Jones
1994,49,Falling Joys,Amen {Remix}
1994,50,Tumbleweed,Daddy Long Legs
1994,51,Soundgarden,Spoonman
1994,52,Penny Flanagan,Lap It Up
1994,53,Soundgarden,Fell on Black Days
1994,54,Stone Temple Pilots,Vasoline
1994,55,Ed Kuepper,La Di Doh
1994,56,Frente!,Bizarre Love Triangle
1994,57,The Cure,Burn
1994,58,Pop Will Eat Itself,Everything's Cool
1994,59,The Jesus and Mary Chain,Sometimes Always
1994,60,Pavement,Cut Your Hair
1994,61,Gin Blossoms,Hey Jealousy
1994,62,Pale,Lemon Sparked
1994,63,Blur,Parklife
1994,64,The Black Crowes,A Conspiracy
1994,65,Sonic Youth,Bull in the Heather
1994,66,Whale,Hobo Humpin Slobo Babe
1994,67,L7,Andres
1994,68,Dinosaur Jr.,Feel the Pain
1994,69,Crash Test Dummies,Mmm Mmm Mmm Mmm
1994,70,R.E.M.,What's The Frequency Kenneth?
1994,71,Urge Overkill,Dropout
1994,72,Lucas,Lucas With The Lid Off
1994,73,The Sharp,Alone Like Me
1994,74,Swoop,Neighbourhood Freak
1994,75,PM Dawn,You Got Me Floatin'
1994,76,Francis Dunnery,American Life in the Summertime
1994,77,You Am I,Jaimme's Got A Gal
1994,78,Cracker,Low
1994,79,Dave Graney 'n' the Coral Snakes,I'm Gonna Release Your Soul
1994,80,Alice in Chains,No Excuses
1994,81,Sisters Underground,In The Neighbourhood
1994,82,Neil Young,Piece Of Crap
1994,83,Love Spit Love,Am I Wrong?
1994,84,The Breeders,Saints
1994,85,G Love & Special Sauce,Blues Music
1994,86,Nick Cave & The Bad Seeds,Thirsty Dog
1994,87,Morrissey,"The More You Ignore Me, the Closer I Get"
1994,88,The Cure,Purple Haze
1994,89,Warren G & Nate Dogg,Regulate
1994,90,Smashing Pumpkins,Dancing in the Moonlight
1994,91,Counting Crows,Round Here
1994,92,Collective Soul,Shine
1994,93,Things of Stone and Wood,Wildflowers
1994,94,Page and Plant,Gallows Pole
1994,95,Def FX,Masses Like Asses
1994,96,Blur,Girls & Boys {Remix}
1994,97,Ini Kamoze,Here Comes the Hotstepper
1994,98,The Tea Party,A Certain Slant of Light
1994,99,Angelique Kidjo,Agolo
1994,100,Lisa Loeb & Nine Stories,Stay (I Missed You)
1995,1,Oasis,Wonderwall
1995,2,Smashing Pumpkins,Bullet with Butterfly Wings
1995,3,Coolio,Gangsta's Paradise
1995,4,Presidents of the U.S.A.,Kitty
1995,5,Bjork,It's Oh So Quiet
1995,6,Everclear,Heroin Girl
1995,7,Custard,Apartment
1995,8,Nick Cave & The Bad Seeds and Kylie Minogue,Where the Wild Roses Grow
1995,9,TISM,(He'll Never Be An) Ol' Man River
1995,10,TISM,Greg! The Stop Sign!!
1995,11,Presidents of the U.S.A.,Lump
1995,12,Mindless Drug Hoover,The Reefer Song
1995,13,Oasis,Morning Glory
1995,14,Jeff Buckley,Last Goodbye
1995,15,Garbage,Vow
1995,16,Dave Graney 'n' The Coral Snakes,Rock 'n' Roll is where I hide
1995,17,Regurgitator,Blubber Boy
1995,18,Jill Sobule,I Kissed a Girl
1995,19,Tripping Daisy,I Got a Girl
1995,20,Red Hot Chili Peppers,My Friends
1995,21,Garbage,Queer
1995,22,Live,Lightning Crashes
1995,23,Passengers,Miss Sarajevo
1995,24,You Am I,Purple Sneakers
1995,25,Insurge,Political Prisoners
1995,26,Neil Young,Downtown
1995,27,Ammonia,Drugs
1995,28,Red Hot Chili Peppers,Aeroplane
1995,29,Faith No More,Evidence
1995,30,Natalie Merchant,Carnival
1995,31,Rancid,Time Bomb
1995,32,Swoop,Apple Eyes
1995,33,Bush,Everything Zen
1995,34,Live,I Alone
1995,35,Pearl Jam,I Got Id
1995,36,Tricky,Black Steel
1995,37,Foo Fighters,This Is a Call
1995,38,Pulp,Common People
1995,39,Alanis Morissette,You Oughta Know
1995,40,Primus,Wynona's Big Brown Beaver
1995,41,Skunk Anansie,I Can Dream
1995,42,Sonic Youth,The Diamond Sea
1995,43,Spiderbait,Monty
1995,44,Pearl Jam,Better Man
1995,45,Portishead,Glory Box
1995,46,Green Day,Geek Stink Breath
1995,47,Christine Anu,My Island Home
1995,48,Technohead,I Wanna be a Hippy
1995,49,White Zombie,More Human than Human
1995,50,Buffalo Tom,Summer
1995,51,Def FX,Psychoactive Summer
1995,52,The Murmurs,You Suck
1995,53,Blur,Country House
1995,54,The Vaughans,Who Farted?
1995,55,Skunkhour,Up to Our Necks In It
1995,56,Phunk Junkeez,Chuck
1995,57,U2,"Hold Me, Thrill Me, Kiss Me, Kill Me"
1995,58,Pollyanna,Lemonsuck
1995,59,Jill Sobule,Supermodel
1995,60,Teenage Fanclub,Sparky's Dream
1995,61,Screaming Jets,Sad Song
1995,62,Rebecca's Empire,Empty
1995,63,The Offspring,Smash It Up
1995,64,N-Trance,Stayin' Alive
1995,65,Shaggy,Boombastic
1995,66,The Tea Party,Fire in the Head
1995,67,Chris Isaak,"Baby Did a Bad, Bad Thing"
1995,68,Pollyanna,Pale Grey Eyes
1995,69,Dash Rip Rock,(Let's Go) Smoke Some Pot
1995,70,Foo Fighters,I'll Stick Around
1995,71,Live,All Over You
1995,72,Rail,Immune Deficiency
1995,73,The Cure,Dredd Song
1995,74,Grinspoon,Sickfest
1995,75,Red Hot Chili Peppers,Warped
1995,76,Bad Religion,21st Century (Digital Boy)
1995,77,Severed Heads,Heart of the Party
1995,78,Strawpeople,Trick with a Knife
1995,79,Supergrass,Alright
1995,80,Green Day,Brain Stew
1995,81,The Caulfields,Devil's Diary
1995,82,Mr Blonde,Sunday
1995,83,Bjork,Army of Me
1995,84,You Am I,Cathy's Clown
1995,85,Alanis Morissette,Hand in My Pocket
1995,86,TLC,Waterfalls
1995,87,Yothu Yindi,Jailbreak
1995,88,Alice in Chains,Grind
1995,89,Jeff Buckley,Grace
1995,90,Alanis Morissette,All I Really Want
1995,91,Faith No More,Digging the Grave
1995,92,Matthew Sweet,Sick of Myself
1995,93,TISM,All Homeboys Are Dickheads
1995,94,You Am I,Jewels and Bullets
1995,95,Massive Attack,Protection
1995,96,Tumbleweed,Hang Around
1995,97,Pop!,Tingly {ft. Angie Hart}
1995,98,Hecate,By Myself
1995,99,Green Day,When I Come Around
1995,100,Todd Snider,Talkin' Seattle Grunge Rock Blues
1996,1,Spiderbait,Buy Me a Pony
1996,2,Tool,Stinkfist
1996,3,Ben Folds Five,Underground
1996,4,Butthole Surfers,Pepper
1996,5,Bush,Glycerine
1996,6,Powderfinger,Pick You Up
1996,7,The Prodigy,Breathe
1996,8,Allen Ginsberg,Ballad of the Skeletons
1996,9,Weezer,El Scorcho
1996,10,Baby Bird,You're Gorgeous
1996,11,311,Down
1996,12,Underworld,Born Slippy
1996,13,The Smashing Pumpkins,1979
1996,14,Fun Lovin' Criminals,Scooby Snacks
1996,15,Regurgitator,Kong Foo Sing
1996,16,Babylon Zoo,Spaceman
1996,17,The Prodigy,Firestarter
1996,18,Powderfinger,D.A.F.
1996,19,Bush,Swallowed
1996,20,The Fauves,Dogs Are the Best People
1996,21,Foo Fighters,Down in the Park
1996,22,Ash,Oh Yeah
1996,23,Regurgitator,I Sucked a Lot of Cock to Get Where I Am
1996,24,Everclear,Santa Monica
1996,25,No Doubt,Just a Girl
1996,26,Chemical Brothers,Setting Sun
1996,27,Cake,The Distance
1996,28,The Smashing Pumpkins,Zero
1996,29,Beck,Devil's Haircut
1996,30,The Fauves,Self Abuser
1996,31,Skin,Mah Na Mah Na
1996,32,Powderfinger,Living Type
1996,33,2Pac,California Love
1996,34,Tracy Bonham,Mother Mother
1996,35,Fugees,Killing Me Softly
1996,36,Primitive Radio Gods,Standing Outside a Broken Phone Booth with Money in My Hand
1996,37,Jamiroquai,Virtual Insanity
1996,38,Bush,Comedown
1996,39,The Eels,Novocaine for the Soul
1996,40,Tricky/Garbage,Milk
1996,41,Geggy Tah,Whoever You Are
1996,42,Fini Scad,Coppertone
1996,43,Beck,Where It's At
1996,44,The Cranberries,Salvation
1996,45,Nirvana,Aneurysm {Muddy Banks of the Wishka live version}
1996,46,Rage Against the Machine,Bulls on Parade
1996,47,Pearl Jam,"Hail, Hail"
1996,48,Nada Surf,Popular
1996,49,Definition of Sound,Pass the Vibes
1996,50,The Presidents of the USA,Mach 5
1996,51,Garbage,Only Happy When It Rains
1996,52,Metallica,Until It Sleeps
1996,53,Bjork,Hyperballad
1996,54,The Lemonheads,If I Could Talk I'd Tell You
1996,55,The Smashing Pumpkins,"Tonight, Tonight"
1996,56,The Eels,Susan's House
1996,57,Rebecca's Empire,So Rude
1996,58,Everclear,Heartspark Dollarsign
1996,59,Tumbleweed,Silver Lizard
1996,60,Kula Shaker,Hey Dude
1996,61,Def FX,I'll Be Your Majick
1996,62,Metallica,Hero of the Day
1996,63,Bad Religion,Punk Rock Song
1996,64,Angelique Kidjo,Wombo Lombo
1996,65,Goldfinger,Here in Your Bedroom
1996,66,Frente!,What's Come Over Me
1996,67,Crowded House,Everything Is Good for You
1996,68,Mullen/Clayton,Mission Impossible
1996,69,Insurge,Speculator
1996,70,Deadstar,Don't It Get You Down
1996,71,Pulp,Disco 2000
1996,72,Frenzal Rhomb,Punch in the Face
1996,73,Hole,Gold Dust Woman
1996,74,Ministry,Lay Lady Lay
1996,75,Midnight Oil,Surf's Up Tonight
1996,76,Spacehog,In the Meantime
1996,77,Soundgarden,Burden in My Hand
1996,78,OMC,How Bizarre
1996,79,The Whitlams,I Make Hamburgers
1996,80,You Am I,Soldiers
1996,81,The Superjesus,Shut My Eyes
1996,82,Luscious Jackson,Naked Eye
1996,83,Hoodoo Gurus,Waking Up Tired
1996,84,You Am I,Good Mornin'
1996,85,Ash,Goldfinger
1996,86,Neneh Cherry,Woman
1996,87,R.E.M.,E-Bow the Letter
1996,88,Hunting Party,Grooving
1996,89,Snout,Cromagnon Man
1996,90,Pearl Jam,Leaving Here
1996,91,Barry Adamson,Set the Controls
1996,92,The Mavis's,Thunder
1996,93,Skunk Anansie,All I Want
1996,94,Pearl Jam,Mankind
1996,95,Frank Bennett,Creep
1996,96,Matthew Trapnell,Ella's Uncle
1996,97,AC/DC,Hail Caesar
1996,98,Tori Amos,Professional Widow
1996,99,Republica,Ready to Go
1996,100,Ben Harper,Gold to Me
1997,1,The Whitlams,No Aphrodisiac
1997,2,Blur,Song 2
1997,3,Chumbawamba,Tubthumping
1997,4,The Verve,Bitter Sweet Symphony
1997,5,Pauline Pantsdown,Backdoor Man
1997,6,Blink-182,Dammit (Growing Up)
1997,7,Radiohead,Paranoid Android
1997,8,Marilyn Manson,The Beautiful People
1997,9,Radiohead,Karma Police
1997,10,Jebediah,Leaving Home
1997,11,Smash Mouth,Walkin' on the Sun
1997,12,Ben Folds Five,One Angry Dwarf And 200 Solemn Faces
1997,13,Silverchair,Freak
1997,14,The Superjesus,Down Again
1997,15,The Living End,Prisoner Of Society
1997,16,Quindon Tarver/Lee Perry,Everybody's Free (To Wear Sunscreen)
1997,17,Cordrazine,Crazy
1997,18,Nick Cave & The Bad Seeds,Into My Arms
1997,19,Regurgitator,Every Day Formula
1997,20,Cake,I Will Survive
1997,21,Foo Fighters,Monkey Wrench
1997,22,The Verve,The Drugs Don't Work
1997,23,Spiderbait,Calypso
1997,24,Korn,A.D.I.D.A.S.
1997,25,Green Day,Hitchin' a Ride
1997,26,Nine Inch Nails,The Perfect Drug
1997,27,Silverchair,The Door
1997,28,Dana Lyons,Cows With Guns
1997,29,Third Eye Blind,Semi-Charmed Life
1997,30,Tool,Forty-Six & 2
1997,31,Faith No More,Ashes To Ashes
1997,32,Pendulum {Melbourne},Coma
1997,33,Jebediah,Military Strongmen
1997,34,Grinspoon,Dcx3
1997,35,The Sundays,Summertime
1997,36,Ween,Mutilated Lips
1997,37,The Mavis's,Naughty Boy
1997,38,Metallica,The Memory Remains
1997,39,Something for Kate,Captain (Million Miles)
1997,40,The Bloodhound Gang,Why's Everybody Always Pickin' On Me?
1997,41,Beck,Deadweight
1997,42,Cornershop,Brimful of Asha
1997,43,Ammonia,You're Not The Only One
1997,44,The Tea Party,Temptation
1997,45,The Cure,Wrong Number
1997,46,The Bloodhound Gang,Fire Water Burn
1997,47,Filter And The Crystal Method,(Can't You) Trip Like I Do
1997,48,Custard,Anatomically Correct
1997,49,The Living End,From Here On In
1997,50,Arkarna,Eat Me
1997,51,Everclear,So Much For The Afterglow
1997,52,Garbage,#1 Crush
1997,53,The Whitlams,You Sound Like Louis Burdett
1997,54,Everclear,Everything To Everyone
1997,55,Red Hot Chili Peppers,Love Rollercoaster
1997,56,The Prodigy,Funky Shit
1997,57,My Drug Hell,Girl At The Bus Stop
1997,58,Diana Ah Naid,I Go Off
1997,59,White Town,Your Woman
1997,60,They Might Be Giants,New York City
1997,61,Chemical Brothers,Block Rockin' Beats
1997,62,The Smashing Pumpkins,The End Is the Beginning Is the End
1997,63,Grinspoon,Repeat
1997,64,Faith No More,Stripsearch
1997,65,The Lemonheads,Outdoor Type
1997,66,Powderfinger,JC
1997,67,The Offspring,I Choose
1997,68,Jamiroquai,Cosmic Girl
1997,69,Ween,Waving My Dick In The Wind
1997,70,Reef,Place Your Hands
1997,71,Robyn Loau,Sick With Love
1997,72,Front End Loader,Pulse
1997,73,Live,Lakini's Juice
1997,74,Rage Against the Machine,The Ghost of Tom Joad
1997,75,Space,Female of the Species
1997,76,Imani Coppola,Legend Of A Cowgirl
1997,77,The Cardigans,Lovefool
1997,78,The Mark of Cain,Degenerate Boy
1997,79,Portishead,All Mine
1997,80,Ben Harper,Faded
1997,81,Kylie Minogue,Did It Again
1997,82,Primus,Shake Hands with Beef
1997,83,Lard,I Wanna Be A Drug-Sniffing Dog
1997,84,Dave Graney,Feelin' Kinda Sporty
1997,85,Brainbug,Nightmare
1997,86,Blackeyed Susans,Smokin' Johnny Cash
1997,87,Sneaker Pimps,6 Underground
1997,88,Beaverloop,Nothing
1997,89,Dandy Warhols,Last Junkie on Earth
1997,90,Pennywise,Society
1997,91,Blue Boy,Remember Me
1997,92,Sidewinder,Titanic Days
1997,93,Skunkhour,Weightlessness
1997,94,Rebecca's Empire,Way Of All Things
1997,95,Faithless,Don't Leave
1997,96,Local H,Bound for the Floor
1997,97,Arkarna,Futures Overrated
1997,98,Daft Punk,Da Funk
1997,99,Luscious Jackson,Naked Eye
1997,100,Effigy,I Give In
1998,1,The Offspring,Pretty Fly (For a White Guy)
1998,2,Ben Lee,Cigarettes Will Kill You
1998,3,Custard,Girls Like That (Don't Go For Guys Like Us)
1998,4,Hole,Celebrity Skin
1998,5,Korn,Got the Life
1998,6,Regurgitator,! (Song Formerly Known As)
1998,7,Jebediah,Harpoon
1998,8,Powderfinger,The Day You Come
1998,9,You Am I,Heavy Heart
1998,10,The Living End,Save The Day
1998,11,U2,The Sweetest Thing
1998,12,Ben Folds Five,Brick
1998,13,They Might Be Giants,Dr. Worm
1998,14,Blink-182,Josie (Everything's Gonna Be Fine)
1998,15,The Living End,Second Solution
1998,16,Josh Abrahams & Amiel Daemion,Addicted to Bass
1998,17,The Living End,Tainted Love {Live}
1998,18,Grinspoon,Just Ace
1998,19,Wyclef Jean,Bubblegoose
1998,20,Chef,Simultaneous
1998,21,Marcy Playground,Sex and Candy
1998,22,Grinspoon,Black Friday
1998,23,Massive Attack,Teardrop
1998,24,Custard,Music Is Crap
1998,25,Beastie Boys,Intergalactic
1998,26,Regurgitator,Polyester Girl
1998,27,Regurgitator,I Like Your Old Remix Better Than Your New Remix
1998,28,Happyland,Don't You Know Who I Am
1998,29,Jeff Buckley,Everybody Here Wants You
1998,30,Cake,Never There
1998,31,Paul McDermott,Throw Your Arms Around Me
1998,32,Regurgitator,Black Bugs
1998,33,Eskimo Joe,Sweater
1998,34,Barenaked Ladies,One Week
1998,35,Harvey Danger,Flagpole Sitta
1998,36,TISM,Whatareya?
1998,37,The Whitlams,Buy Now Pay Later (Charlie No 2)
1998,38,The Mighty Mighty Bosstones,The Impression That I Get
1998,39,Adam Sandler,Somebody Kill Me
1998,40,Ben Folds Five,Song For The Dumped
1998,41,Placebo,Pure Morning
1998,42,Jebediah,Teflon
1998,43,The Whitlams,Melbourne
1998,44,Marilyn Manson,The Dope Show
1998,45,The Smashing Pumpkins,Ava Adore
1998,46,Powderfinger,Don't Wanna Be Left Out
1998,47,Pearl Jam,Do the Evolution
1998,48,Catatonia,Road Rage
1998,49,Hole,Malibu
1998,50,Run-D.M.C. vs Jason Nevins,It's Like That
1998,51,Pearl Jam,Given to Fly
1998,52,Green Day,The Grouch
1998,53,Everclear,Father of Mine
1998,54,Frenzal Rhomb,Mum Changed The Locks
1998,55,Radiohead,No Surprises
1998,56,The Whitlams,Charlie No 3
1998,57,Garbage,I Think I'm Paranoid
1998,58,Pauline Pantsdown,I Don't Like It
1998,59,Propellerheads & Shirley Bassey,History Repeating
1998,60,Ani DiFranco,Untouchable Face
1998,61,The Mavis's,Cry
1998,62,The Offspring,Gone Away
1998,63,Fatboy Slim,The Rockafeller Skank
1998,64,Antenna,Come On Spring
1998,65,You Am I,Rumble
1998,66,Rage Against the Machine,No Shelter
1998,67,Metallica,The Unforgiven II
1998,68,Dandy Warhols,Every Day Should Be A Holiday
1998,69,Pollyanna,Cinnamon Lip
1998,70,Manic Street Preachers,If You Tolerate This Your Children Will Be Next
1998,71,Happyland,Hello
1998,72,Frenzal Rhomb,Mr Charisma
1998,73,Stardust,Music Sounds Better with You
1998,74,Foo Fighters,My Hero
1998,75,Rob Zombie,Dragula
1998,76,Marcy Playground,Saint Joe on the School Bus
1998,77,Metallica,Fuel
1998,78,Fuel,Shimmer
1998,79,Grinspoon,Don't Go Away
1998,80,Babybird,Bad Old Man
1998,81,Bran Van 3000,Drinking in L.A.
1998,82,Drugstore,El President
1998,83,The Superjesus,Now And Then
1998,84,Green Day,Good Riddance (Time of Your Life)
1998,85,Something for Kate,Harpoon
1998,86,Ben Harper,Mama's Trippin'
1998,87,Garbage,Push It
1998,88,Pearl Jam,Wishlist
1998,89,Garbage,Special
1998,90,Chef,No Substitute
1998,91,Jebediah,Benedict
1998,92,Space with Cerys Matthews,The Ballad of Tom Jones
1998,93,Silverchair,Untitled
1998,94,The Smashing Pumpkins,Perfect
1998,95,Beck,Tropicalia
1998,96,Midnight Oil,Redneck Wonderland
1998,97,Even,Black Umbrella
1998,98,Foo Fighters,Baker Street
1998,99,Superjesus,Saturation
1998,100,Not From There,Sich Offnen
1999,1,Powderfinger,These Days
1999,2,Killing Heidi,Weir
1999,3,The Tenants,You Shit Me To Tears
1999,4,Fatboy Slim,Praise You
1999,5,Placebo,Every You Every Me
1999,6,Bloodhound Gang,The Bad Touch
1999,7,Rage Against The Machine,Guerrilla Radio
1999,8,Limp Bizkit,Nookie
1999,9,Pearl Jam,Last Kiss
1999,10,Red Hot Chili Peppers,Scar Tissue
1999,11,The Foo Fighters,Learn To Fly
1999,12,Garbage,When I Grow Up
1999,13,Blink-182,What's My Age Again?
1999,14,Killing Heidi,Mascara
1999,15,Silverchair,Ana's Song (Open Fire)
1999,16,Korn,Freak On A Leash
1999,17,Korn,Falling Away From Me
1999,18,Sonic Animation,Theophilus Thistler (An Exercise In Vowels)
1999,19,Jebediah,Animal
1999,20,Rhubarb,Exerciser
1999,21,Alex Lloyd,Lucky Star
1999,22,Madison Avenue,Don't Call Me Baby
1999,23,Fatboy Slim,"Right Here, Right Now"
1999,24,Macy Gray,I Try
1999,25,Powderfinger,Already Gone
1999,26,Frenzal Rhomb,Never Had So Much Fun
1999,27,The Chemical Brothers,Hey Boy Hey Girl
1999,28,Jebediah,Feet Touch the Ground
1999,29,Silverchair,Anthem for the Year 2000
1999,30,Silverchair,Miss You Love
1999,31,Blink-182,All the Small Things
1999,32,The Tea Party,Heaven Coming Down
1999,33,Grinspoon,Ready 1
1999,34,Frenzal Rhomb,You Are Not My Friend
1999,35,Peter Helliar,Bevan The Musical
1999,36,Bodyjar,Hazy Shade Of Winter
1999,37,Red Hot Chili Peppers,Around The World
1999,38,The Whitlams,Chunky Chunky Air Guitar
1999,39,Eskimo Joe,Turn Up Your Stereo
1999,40,Spiderbait,Shazam!
1999,41,The Living End,All Torn Down
1999,42,Custard,Ringo (I Feel Like)
1999,43,Silverchair,Emotion Sickness
1999,44,Something For Kate,Electricity
1999,45,Gerling,"Enter, Space Capsule"
1999,46,Bush,The Chemicals Between Us
1999,47,Blur,Coffee & TV
1999,48,The Living End,West End Riot
1999,49,Area-7,Second Class Citizen
1999,50,The Fauves,Bigger Than Tina
1999,51,Ben Folds Five,Army
1999,52,The Cruel Sea,It Won't Last
1999,53,Beck,Sexx Laws
1999,54,The Whitlams,Thank You (For Loving Me at My Worst)
1999,55,Diana Ah Naid,Perfect Family
1999,56,Metallica,No Leaf Clover
1999,57,Blur,Tender
1999,58,Regurgitator,I Want To Be A Nudist
1999,59,Machine Gun Fellatio,Mutha Fukka On A Motorcycle
1999,60,VAST,Touched
1999,61,Augie March,Asleep In Perfection
1999,62,Regurgitator,Happiness (Rotting My Brain)
1999,63,Jamiroquai,Canned Heat
1999,64,Frenzal Rhomb,We're Going Out Tonight
1999,65,Ben Harper,Burn to Shine
1999,66,Testeagles,Turn That Shit Up
1999,67,Madonna,Beautiful Stranger
1999,68,Powderfinger,Good-Day Ray
1999,69,Nine Inch Nails,"Starfuckers, Inc."
1999,70,Something For Kate,Whatever You Want
1999,71,The Mutton Birds,Pulled Along By Love
1999,72,Something For Kate,Hallways
1999,73,Supergrass,Pumping on Your Stereo
1999,74,Deadstar,Deeper Water
1999,75,Friendly,Some Kind Of Love Song
1999,76,Everlast,What It's Like
1999,77,Bob Marley/Funkstar De Luxe,Sun Is Shining
1999,78,The Cardigans,My Favourite Game
1999,79,Moby,Bodyrock
1999,80,Moloko,Sing It Back
1999,81,Ben Lee,Nothing Much Happens
1999,82,Skunkhour,Home
1999,83,Custard,Hit Song
1999,84,Spiderbait,Stevie
1999,85,Ben Harper,Steal My Kisses
1999,86,Orgy,Blue Monday
1999,87,Placebo,You Don't Care About Us
1999,88,Moby,Run On
1999,89,Green Day,Nice Guys Finish Last
1999,90,Rammstein,Stripped
1999,91,Pennywise,Down Under
1999,92,Macy Gray,Sex-O-Matic Venus Freak
1999,93,Elliott Smith,Waltz #2
1999,94,Turnstyle,Spray Water On The Stereo
1999,95,Public Image Ltd.,The Order Of Death
1999,96,Spiderbait,Plastic
1999,97,The Offspring,The Kids Aren't Alright
1999,98,Sugar Ray,Every Morning
1999,99,Eskimo Joe,Ruby Wednesday
1999,100,Powderfinger,Passenger
2000,1,Powderfinger,My Happiness
2000,2,U2,Beautiful Day
2000,3,Powderfinger,My Kind of Scene
2000,4,Wheatus,Teenage Dirtbag
2000,5,Coldplay,Yellow
2000,6,The Avalanches,Frontier Psychiatrist
2000,7,Red Hot Chili Peppers,Californication
2000,8,Foo Fighters,Generator
2000,9,Paul Kelly,Every Fucking City
2000,10,Dandy Warhols,Bohemian Like You
2000,11,28 Days,Rip It Up
2000,12,Magic Dirt,Dirty Jeans
2000,13,Rage Against the Machine,Sleep Now in the Fire
2000,14,Green Day,Minority
2000,15,Lo-Tel,Teenager Of The Year
2000,16,Machine Gun Fellatio,Unsent Letter
2000,17,The Superjesus,Gravity
2000,18,Foo Fighters,Stacked Actors
2000,19,The Living End,Pictures in the Mirror
2000,20,Bodyjar,Not The Same
2000,21,Limp Bizkit,My Generation
2000,22,Moby,Porcelain
2000,23,You Am I,Damage
2000,24,Bomfunk MCs,Freestyler
2000,25,Shihad,Pacifier
2000,26,The Eels,Mr. E's Beautiful Blues
2000,27,Limp Bizkit,Take a Look Around
2000,28,George,Bastard Son
2000,29,Stone Temple Pilots,Sour Girl
2000,30,Jebediah,Please Leave
2000,31,Travis,Why Does It Always Rain On Me?
2000,32,Spiller,Groovejet (If This Ain't Love)
2000,33,Grinspoon,Rock Show
2000,34,A Perfect Circle,Judith
2000,35,Gomez,We Haven't Turned Around
2000,36,Cypress Hill,Rock Superstar
2000,37,The Whitlams,Thank You (For Loving Me at My Worst)
2000,38,Gomez,Machismo
2000,39,Placebo,Taste in Men
2000,40,Papa Roach,Last Resort
2000,41,Millencolin,Penguins & Polarbears
2000,42,Radiohead,Everything in Its Right Place
2000,43,Fatboy Slim,Sunset (Bird of Prey)
2000,44,Sinead O'Connor,Daddy I'm Fine
2000,45,Moloko,The Time Is Now
2000,46,Filter,Take a Picture
2000,47,Placebo,Slave to the Wage
2000,48,Regurgitator,Crush The Losers
2000,49,Dandy Warhols,Get Off
2000,50,Skulker,Naughty
2000,51,The Offspring,Original Prankster
2000,52,28 Days,Sucker
2000,53,The Hippos,Wasting My Life
2000,54,Blink-182,Man Overboard
2000,55,R.E.M.,The Great Beyond
2000,56,Friendly,I Love You But
2000,57,Groove Armada,I See You Baby
2000,58,The Fauves,Give Up Your Day Job
2000,59,Something for Kate,Beautiful Sharks
2000,60,Sinead O'Connor,No Man's Woman
2000,61,George,Spawn
2000,62,Fiona Apple,Fast as You Can
2000,63,Coldplay,Shiver
2000,64,Everlast,Black Jesus
2000,65,Motor Ace,American Shoes
2000,66,Bodyjar,Fall to the Ground
2000,67,Machine Gun Fellatio,Mofo On A Motor Cycle
2000,68,OPM,Heaven Is A Halfpipe
2000,69,MxPx,Responsibility
2000,70,Killing Heidi,Superman/Supergirl
2000,71,Frenzal Rhomb,Nothing's Wrong
2000,72,Tex Perkins,I Know You Know I Know
2000,73,Grinspoon,Secrets
2000,74,Groove Terminator,One More Time (Sunshine Song)
2000,75,Slipknot,Wait and Bleed
2000,76,NOFX,Bottles To The Ground
2000,77,Rage Against the Machine,Maria
2000,78,The Smashing Pumpkins,Stand Inside Your Love
2000,79,Metallica,No Leaf Clover
2000,80,Skulker,Hej
2000,81,Korn,Make Me Bad
2000,82,Muse,Sunburn
2000,83,Skunkhour,Kick In The Door
2000,84,Metallica,I Disappear
2000,85,Pearl Jam,Nothing as It Seems
2000,86,Klinger,Hello Cruel World
2000,87,Madonna,Music
2000,88,Morcheeba,Rome Wasn't Built In A Day
2000,89,Brassy,Work It Out
2000,90,PJ Harvey,Good Fortune
2000,91,Area-7,Start Making Sense
2000,92,Killing Heidi,Live Without It
2000,93,Reef,Set The Record Straight
2000,94,U2,The Ground Beneath Her Feet
2000,95,Rage Against the Machine,Renegades of Funk
2000,96,Silverchair,Paint Pastel Princess
2000,97,Klinger,Ben Lee
2000,98,Motor Ace,Death Defy
2000,99,Madison Avenue,Who the Hell Are You
2000,100,Green Day,Warning
2001,1,Alex Lloyd,Amazing
2001,2,Something for Kate,Monsters
2001,3,System of a Down,Chop Suey!
2001,4,Basement Jaxx,Where's Your Head At?
2001,5,John Butler Trio,Betterman
2001,6,Alien Ant Farm,Smooth Criminal
2001,7,Weezer,Island In The Sun
2001,8,The Avalanches,Since I Left You
2001,9,Gorillaz,Clint Eastwood
2001,10,Cake,Short Skirt/Long Jacket
2001,11,Garbage,Cherry Lips (Go Baby Go!)
2001,12,The Strokes,Last Nite
2001,13,Something for Kate,Three Dimensions
2001,14,Tool,Schism
2001,15,Gorillaz,19-2000
2001,16,28 Days/Apollo 440,Say What?
2001,17,Ben Folds,Rockin' The Suburbs
2001,18,Rage Against the Machine,Renegades of Funk
2001,19,George,Special Ones
2001,20,Weezer,Hash Pipe
2001,21,Fatboy Slim,Weapon of Choice
2001,22,Ben Harper,Drugs Don't Work
2001,23,PJ Harvey/Thom Yorke,This Mess We're In
2001,24,Gerling,Dust Me Selecta
2001,25,Eskimo Joe,Wake Up
2001,26,Jamiroquai,Little L
2001,27,Regurgitator,Fat Cop
2001,28,Jebediah,Fall Down
2001,29,John Butler Trio,Take
2001,30,Machine Gun Fellatio,The Girl Of My Dreams (Is Giving Me Nightmares)
2001,31,Eskimo Joe,Planet Earth
2001,32,Placebo,Special K
2001,33,James,Getting Away With It (All Messed Up)
2001,34,Eskimo Joe,Who Sold Her Out
2001,35,Dido,Thank You
2001,36,Radiohead,Pyramid Song
2001,37,Something for Kate,Twenty Years
2001,38,New Order,Crystal
2001,39,The Cruel Sea,Cocaine
2001,40,U2,Elevation {Tomb Raider Remix}
2001,41,Regurgitator,Superstraight
2001,42,The Whitlams,Duffy's Song (I Will Not Go Quietly)
2001,43,The Eels,Souljacker
2001,44,Garbage,Androgyny
2001,45,Tori Amos,Strange Little Girl
2001,46,The Smashing Pumpkins,Untitled
2001,47,Augie March,There Is No Such Place
2001,48,Groove Armada,Superstylin'
2001,49,Tool,Parabola
2001,50,Paul Mac,Just The Thing
2001,51,Nick Cave & The Bad Seeds,Fifteen Feet Of Pure White Snow
2001,52,They Might Be Giants,Man It's So Loud In Here
2001,53,Motor Ace,Hey Driver
2001,54,Blink-182,The Rock Show
2001,55,Linkin Park,One Step Closer
2001,56,You Am I,Kick A Hole In The Sky
2001,57,You Am I,Get Up
2001,58,Jimmy Eat World,Bleed American
2001,59,The Strokes,Hard To Explain
2001,60,At the Drive-In,Pattern Against User
2001,61,Daft Punk,One More Time
2001,62,Jamiroquai,You Give Me Something
2001,63,Alex Lloyd,Downtown
2001,64,The White Stripes,Hotel Yorba
2001,65,Ash,Burn Baby Burn
2001,66,The Strokes,New York City Cops
2001,67,Ben Folds,Not The Same
2001,68,Blueline Medic,Making The Nouveau Riche
2001,69,Unwritten Law,Up All Night
2001,70,Rammstein,Links 2-3-4
2001,71,Spiderbait,Outta My Head
2001,72,The Living End,Roll On
2001,73,Muse,Plug In Baby
2001,74,Radiohead,Knives Out
2001,75,Groove Armada,My Friend
2001,76,The Avalanches,Radio
2001,77,Big Heavy Stuff,Hibernate
2001,78,Cruel Sea,A Simple Goodbye
2001,79,R.E.M.,Imitation of Life
2001,80,Muse,Bliss
2001,81,Crazy Town,Butterfly
2001,82,Lazaro's Dog,Home Entertainment System
2001,83,Ash,Shining Light
2001,84,Supermen Lovers,Starlight
2001,85,At the Drive-In,Invalid Litter Dept.
2001,86,Rhubarb,Light On Your Shoulder
2001,87,Michael Franti and Spearhead,Rock The Nation
2001,88,Spiderbait,Four On The Floor
2001,89,Muse,New Born
2001,90,New Order,60 Miles an Hour
2001,91,Sum 41,Fat Lip
2001,92,George,Run
2001,93,Butthole Surfers,The Shame of Life
2001,94,Depeche Mode,I Feel Loved
2001,95,Good Charlotte,Little Things
2001,96,Pennywise,Fuck Authority
2001,97,Superheist,Step Back
2001,98,Faithless,We Come 1
2001,99,The Chemical Brothers,It Began in Afrika
2001,100,Endorphin,Sex And Violence
2002,1,Queens of the Stone Age,No One Knows
2002,2,Grinspoon,Chemical Heart
2002,3,The Waifs,London Still
2002,4,1200 Techniques,Karma
2002,5,The Vines,Get Free
2002,6,Machine Gun Fellatio,Rollercoaster
2002,7,Eminem,Lose Yourself
2002,8,Machine Gun Fellatio,Pussytown
2002,9,Red Hot Chili Peppers,By the Way
2002,10,Silverchair,The Greatest View
2002,11,Foo Fighters,The One
2002,12,Nirvana,You Know You're Right
2002,13,Foo Fighters,All My Life
2002,14,Grinspoon,Lost Control
2002,15,Grinspoon,No Reason
2002,16,Red Hot Chili Peppers,The Zephyr Song
2002,17,Eminem,Without Me
2002,18,System of a Down,Toxicity
2002,19,The Vines,Highly Evolved
2002,20,Audioslave,Cochise
2002,21,The Vines,Outtathaway!!
2002,22,Ben Lee,"Something Borrowed, Something Blue"
2002,23,Foo Fighters,Times Like These
2002,24,Weezer,Keep Fishin'
2002,25,Silverchair,Without You
2002,26,Salmon Hater,6.66
2002,27,John Butler Trio,Home Is Where the Heart Is
2002,28,Pearl Jam,I Am Mine
2002,29,Motor Ace,Carry On
2002,30,The Vines,Ms. Jackson
2002,31,Bodyjar,One in a Million
2002,32,George,Release
2002,33,The Hives,Hate to Say I Told You So
2002,34,Pacifier,Comfort Me
2002,35,Silverchair,Luv Your Life
2002,36,Waikiki,Here Comes September
2002,37,System of a Down,Aerials
2002,38,The Drugs,The Bold and the Beautiful
2002,39,Coldplay,In My Place
2002,40,The Whitlams,Fall For You
2002,41,28 Days,What's the Deal
2002,42,The Streets,Don't Mug Yourself
2002,43,George,Breaking It Slowly
2002,44,Queens of the Stone Age,God is in the Radio
2002,45,Darren Hanlon,Punk's Not Dead
2002,46,N.E.R.D,Rock Star
2002,47,Grinspoon,1000 Miles
2002,48,Queens of the Stone Age,Go with the Flow
2002,49,Jurassic 5,What's Golden
2002,50,Jamiroquai,You Give Me Something
2002,51,Wilcannia Mob,Down River
2002,52,The Living End,One Said to the Other
2002,53,Basement Jaxx,Get Me Off
2002,54,The Androids,Do it With Madonna
2002,55,Foo Fighters,Disenchanted Lullaby
2002,56,Queens of the Stone Age,First It Giveth
2002,57,Jamiroquai,Love Foolosphy
2002,58,PJ Harvey and Gordon Gano,Hitting the Ground
2002,59,Machine Gun Fellatio,Take It Slow
2002,60,JXL vs Elvis Presley,A Little Less Conversation
2002,61,Moby,We Are All Made of Stars
2002,62,Silverchair,Across the Night
2002,63,Something for Kate,Say Something
2002,64,Gomez,Shot Shot
2002,65,Area-7,Nobody Likes a Bogan
2002,66,Augie March,This Train Will Be Taking No Passengers
2002,67,Waikiki,New Technology
2002,68,Black Rebel Motorcycle Club,Whatever Happened to My Rock'n Roll
2002,69,Coldplay,Clocks
2002,70,Frenzal Rhomb,Bucket Bong
2002,71,Basement Jaxx,Do Your Thing
2002,72,Audioslave,Show Me How to Live
2002,73,Weezer,Dope Nose
2002,74,Sonic Animation,I'm a DJ
2002,75,Ms. Dynamite,Dy-na-mi-tee
2002,76,Silverchair,World Upon Your Shoulders
2002,77,The Streets,Has it Come to This?
2002,78,Badly Drawn Boy,Something to Talk About
2002,79,You Am I,Who Put the Devil in You
2002,80,The Waifs,Highway One
2002,81,Queens of the Stone Age,You Think I Ain't Worth a Dollar
2002,82,Ben Harper,Strawberry Fields Forever
2002,83,28 Days,Take Me Away
2002,84,Oasis,Little By Little
2002,85,The Chemical Brothers,Star Guitar
2002,86,Eminem,Cleaning Out My Closet
2002,87,System of a Down,Innervision
2002,88,The Fergusons,Everything's Gone Bad
2002,89,Groove Armada,Purple Haze
2002,90,Badly Drawn Boy,Silent Sigh
2002,91,Rocket Science,Being Followed
2002,92,Antiskeptic,Called
2002,93,Tori Amos,A Sorta Fairytale
2002,94,Spiderbait,Arse Huggin' Pants
2002,95,Machine Translations,She Wears a Mask
2002,96,The Waifs,Lies
2002,97,U2,Electrical Storm
2002,98,Cartman,Shock (Living Without You)
2002,99,Bodyjar,Too Drunk to Drive
2002,100,Coldplay,A Rush of Blood to the Head
2003,1,Jet,Are You Gonna Be My Girl?
2003,2,OutKast,Hey Ya!
2003,3,The White Stripes,Seven Nation Army
2003,4,Powderfinger,(Baby I've Got You) On My Mind
2003,5,Coldplay,Clocks {Royksopp Remix}
2003,6,The Cat Empire,Hello
2003,7,Powderfinger,Sunsets
2003,8,The John Butler Trio,Zebra
2003,9,Hilltop Hoods,The Nosebleed Section
2003,10,Powderfinger,Love Your Way
2003,11,Something for Kate,Deja Vu
2003,12,The Waifs,Lighthouse
2003,13,The Dandy Warhols,We Used to Be Friends
2003,14,The White Stripes,The Hardest Button to Button
2003,15,Butterfingers,I Love Work
2003,16,Little Birdy,Relapse
2003,17,Jack Johnson,Taylor
2003,18,Ben Harper,Diamonds on the Inside
2003,19,Jet,Rollover DJ
2003,20,Pete Murray,Feeler
2003,21,Epicure,Armies Against Me
2003,22,Red Hot Chili Peppers,Fortune Faded
2003,23,The Living End,Who's Gonna Save Us?
2003,24,Jack Johnson,The Horizon Has Been Defeated
2003,25,Little Birdy,Baby Blue
2003,26,Frenzal Rhomb,Russell Crowe's Band
2003,27,Ben Folds,There's Always Someone Cooler Than You
2003,28,Electric Six,Danger! High Voltage
2003,29,Ben Harper,With My Own Two Hands
2003,30,Placebo,The Bitter End
2003,31,Muse,Time Is Running Out
2003,32,The Dandy Warhols,You Were The Last High
2003,33,Electric Six,Gay Bar
2003,34,Michael Franti and Spearhead,Everyone Deserves Music
2003,35,Magic Dirt,Plastic Loveless Letter
2003,36,Jane's Addiction,Just Because
2003,37,The Cat Empire,Days Like These
2003,38,Butterfingers,Everytime
2003,39,Alex Lloyd,Coming Home
2003,40,Jack Johnson,Times Like These
2003,41,The Beautiful Girls,Black Bird
2003,42,Muse,Stockholm Syndrome
2003,43,The Strokes,12:51
2003,44,Hilltop Hoods,Dumb Enough
2003,45,A Perfect Circle,Weak and Powerless
2003,46,The Herd,77%
2003,47,Michael Franti and Spearhead,Bomb The World
2003,48,Radiohead,There There
2003,49,Radiohead,2 + 2 = 5
2003,50,The Waifs,Fisherman's Daughter
2003,51,The John Butler Trio,Sista (Live)
2003,52,The Bens,Just Pretend
2003,53,Blink-182,Feeling This
2003,54,Xavier Rudd,Let Me Be
2003,55,Missy Higgins,Greed For Your Love
2003,56,NOFX,Franco Un-American
2003,57,Missy Elliott,Work It
2003,58,AFI,"The Leaving Song, Pt. II"
2003,59,Gus and Frank,So Entertaining
2003,60,Magic Dirt,Watch Out Boys
2003,61,Metallica,St. Anger
2003,62,The Beautiful Girls,Music
2003,63,Something for Kate,Song For A Sleepwalker
2003,64,Belle and Sebastian,"Step into My Office, Baby"
2003,65,Andromeda,Something White And Sigmund
2003,66,The Living End,Tabloid Magazine
2003,67,Amiel,Lovesong
2003,68,The Butterfly Effect,1 Second Of Insanity
2003,69,Muse,Hysteria
2003,70,A Perfect Circle,The Outsider
2003,71,AFI,Girl's Not Grey
2003,72,Placebo,Running Up That Hill
2003,73,Epicure,Life Sentence
2003,74,Cody ChesnuTT,Look Good In Leather
2003,75,The Roots,The Seed (2.0) {ft. Cody ChesnuTT}
2003,76,Powderfinger,Rockin' Rocks
2003,77,Powderfinger,Stumblin'
2003,78,Gerling,Who's Ya Daddy?
2003,79,Kelis,Milkshake
2003,80,Benny Benassi Presents The Biz,Satisfaction
2003,81,The Chemical Brothers,The Golden Path {ft. The Flaming Lips}
2003,82,Basement Jaxx,Good Luck {ft. Lisa Kekaula}
2003,83,The Strokes,Reptilia
2003,84,Chicks On Speed,We Don't Play Guitars {ft. Peaches}
2003,85,Missy Elliott,Pass That Dutch
2003,86,Pete Murray,Lines
2003,87,Junior Senior,Move Your Feet
2003,88,Machine Gun Fellatio,Voices In My Head
2003,89,The White Stripes,"Girl, You Have No Faith In Medicine"
2003,90,Offcutts,Break It (Down James Brown)
2003,91,The Sleepy Jackson,Vampire Racecourse
2003,92,Gyroscope,"Doctor, Doctor"
2003,93,The White Stripes,I Just Don't Know What to Do with Myself
2003,94,The White Stripes,"In The Cold, Cold Night"
2003,95,Placebo,Special Needs
2003,96,Soggy Bottom Boys,Man of Constant Sorrow {Skeewiff Remix}
2003,97,The Darkness,Growing On Me
2003,98,Blur,Out of Time
2003,99,The Mars Volta,Inertiatic ESP
2003,100,The Cat Empire,The Chariot
2004,1,Franz Ferdinand,Take Me Out
2004,2,Missy Higgins,Scar
2004,3,Eskimo Joe,From the Sea
2004,4,The Killers,Somebody Told Me
2004,5,Spiderbait,Black Betty
2004,6,Missy Higgins,Ten Days
2004,7,John Butler Trio,Somethings Gotta Give
2004,8,Little Birdy,Beautiful to Me
2004,9,Powderfinger,Bless My Soul
2004,10,The White Stripes,Jolene {Live}
2004,11,Modest Mouse,Float On
2004,12,The Dresden Dolls,Coin-Operated Boy
2004,13,The Killers,Mr. Brightside
2004,14,Evermore,It's Too Late
2004,15,Ben Lee,Gamble Everything for Love
2004,16,Grinspoon,Hard Act to Follow
2004,17,Butterfingers,Yo Mama
2004,18,The Streets,Fit But You Know It
2004,19,The Streets,Dry Your Eyes
2004,20,Spiderbait,Fucken Awesome
2004,21,William Shatner,Common People
2004,22,Green Day,American Idiot
2004,23,Scissor Sisters,Take Your Mama
2004,24,Jet,Look What You've Done
2004,25,John Butler Trio,Treat Yo' Mama
2004,26,Grinspoon,Better Off Alone
2004,27,Sarah Blasko,Don't U Eva
2004,28,Beastie Boys,Ch-Check It Out
2004,29,Franz Ferdinand,This Fire
2004,30,The Dresden Dolls,Girl Anachronism
2004,31,Kings of Leon,The Bucket
2004,32,Eskimo Joe,Older Than You
2004,33,The Bees,Chicken Payback
2004,34,Machine Gun Fellatio,What the Fuck?
2004,35,Scribe,Not Many - The Remix!
2004,36,Jeff Buckley,Forget Her
2004,37,Ben Folds,Adelaide
2004,38,U2,Vertigo
2004,39,The Killers,Smile Like You Mean It
2004,40,Little Birdy,This is a Love Song
2004,41,Faithless,Mass Destruction
2004,42,Lior,This Old Love
2004,43,Dogs Die in Hot Cars,Godhopping
2004,44,Scissor Sisters,Take Me Out {Franz Ferdinand cover}
2004,45,Wolfmother,Woman
2004,46,Rammstein,Amerika
2004,47,The Living End,I Can't Give You What I Haven't Got
2004,48,Elliott Smith,Memory Lane
2004,49,Missy Higgins,Casualty
2004,50,Franz Ferdinand,The Dark of the Matinee
2004,51,John Butler Trio,What You Want
2004,52,Regurgitator,My Friend Robot
2004,53,Placebo,English Summer Rain
2004,54,The Waifs,Bridal Train
2004,55,The Hives,Walk Idiot Walk
2004,56,Xavier Rudd,Shelter
2004,57,Evermore,For One Day
2004,58,Scissor Sisters,Laura
2004,59,Xavier Rudd,Solace
2004,60,Your Wedding Night,Lachlan
2004,61,Deep Dish,Flash Dance
2004,62,Eskimo Joe,Smoke
2004,63,N.E.R.D.,She Wants to Move
2004,64,Epicure,Self Destruct in 5
2004,65,Chemical Brothers,Galvanize
2004,66,Devendra Banhart,Little Yellow Spider
2004,67,The Black Keys,10am Automatic
2004,68,Powderfinger,Process This
2004,69,The Freestylers,Push Up
2004,70,Starsailor,Four to the Floor {Thin White Duke Remix}
2004,71,The Von Bondies,C'mon C'mon
2004,72,The Polyphonic Spree,Hold Me Now
2004,73,The Panda Band,Sleepy Little Deathtoll Town
2004,74,Interpol,Slow Hands
2004,75,The Spazzys,Paco Doesn't Love Me
2004,76,Interpol,Evil
2004,77,Snow Patrol,Run
2004,78,Little Birdy,Tonight's the Night
2004,79,Dallas Crane,Dirty Hearts
2004,80,The Dissociatives,Young Man Old Man
2004,81,End of Fashion,Rough Diamonds
2004,82,Mylo,Drop the Pressure
2004,83,Dallas Crane,Numb All Over
2004,84,Dogs Die in Hot Cars,I Love You Because I Have To
2004,85,Regurgitator,The Drop
2004,86,The Unicorns,I Was Born (A Unicorn)
2004,87,Sia,Breathe Me
2004,88,A Perfect Circle,Imagine
2004,89,Jet,Get What You Need
2004,90,The Greenskeepers,Lotion
2004,91,Decoder Ring,Somersault
2004,92,Scissor Sisters,Comfortably Numb
2004,93,John Butler Trio,Hello
2004,94,The Vines,Ride
2004,95,Placebo,Twenty Years
2004,96,After the Fall,Mirror Mirror
2004,97,Gyroscope,Safe Forever
2004,98,Gomez,Catch Me Up
2004,99,The Butterfly Effect,Always
2004,100,Fabienne Delsol,I'm Gonna Haunt You
2005,1,Bernard Fanning,Wish You Well
2005,2,Ben Lee,Catch My Disease
2005,3,Gorillaz,Feel Good Inc.
2005,4,Foo Fighters,Best of You
2005,5,Gorillaz,DARE
2005,6,Wolfmother,Mind's Eye
2005,7,The White Stripes,My Doorbell
2005,8,End of Fashion,O Yeah
2005,9,Wolfmother,Joker and the Thief
2005,10,Franz Ferdinand,Do You Want To
2005,11,Butterfingers,"Figjam (Fuck I'm Good, Just Ask Me)"
2005,12,Datarock,Computer Camp Love
2005,13,Kanye West,Gold Digger
2005,14,Bernard Fanning,Songbird
2005,15,Sarah Blasko,Flame Trees
2005,16,Wolfmother,Apple Tree
2005,17,The White Stripes,Blue Orchid
2005,18,The Herd,I Was Only 19
2005,19,Josh Pyke,Middle Of The Hill
2005,20,Foo Fighters,DOA
2005,21,Faker,Hurricane
2005,22,Kisschasy,Do-Do's & Whoa-Oh's
2005,23,Bloc Party,Two More Years
2005,24,The Bloodhound Gang,Foxtrot Uniform Charlie Kilo
2005,25,The Cat Empire,The Car Song
2005,26,Coldplay,Fix You
2005,27,System of a Down,B.Y.O.B.
2005,28,Kaiser Chiefs,Everyday I Love You Less And Less
2005,29,Gyroscope,Fast Girl
2005,30,After The Fall,Concrete Boots
2005,31,Missy Higgins,The Special Two
2005,32,Cog,My Enemy
2005,33,The Butterfly Effect,Phoenix
2005,34,Kaiser Chiefs,I Predict a Riot
2005,35,Beck,Girl
2005,36,Coldplay,Speed of Sound
2005,37,Wolfmother,Dimension
2005,38,The Cat Empire,Sly
2005,39,Wolfmother,Colossal
2005,40,Bloc Party,Helicopter
2005,41,Gorillaz,Dirty Harry
2005,42,Grinspoon,Sweet as Sugar
2005,43,Lior,Autumn Flow
2005,44,Emiliana Torrini,Sunny Road
2005,45,Bloc Party,Positive Tension
2005,46,The Strokes,Juicebox
2005,47,Missy Higgins,Stuff and Nonsense
2005,48,The Bravery,An Honest Mistake
2005,49,The Living End,What's on Your Radio
2005,50,Arctic Monkeys,I Bet You Look Good on the Dancefloor
2005,51,Audioslave,Be Yourself
2005,52,DVDA (from Team America: World Police),"America, Fuck Yeah"
2005,53,Ben Lee,We're All In This Together
2005,54,The Cat Empire,Two Shoes
2005,55,Ben Folds,Landed
2005,56,Architecture in Helsinki,It'5!
2005,57,System of a Down,Radio/Video
2005,58,Queens of the Stone Age,Little Sister
2005,59,Martha Wainwright,Bloody Mother Fucking Asshole
2005,60,The Dandy Warhols,All the Money or the Simple Life Honey
2005,61,Green Day,Jesus of Suburbia
2005,62,Gyroscope,Beware Wolf
2005,63,Clare Bowditch,Divorcee By 23
2005,64,Jack Johnson,"Sitting, Waiting, Wishing"
2005,65,Sarah Blasko,Always Worth It
2005,66,Ween,Gabrielle
2005,67,The White Stripes,The Denial Twist
2005,68,The Beautiful Girls,Ashes
2005,69,Butterfingers,Jesus I Was Evil
2005,70,The Mountain Goats,This Year
2005,71,Cog,Run
2005,72,The Bedroom Philosopher,I'm So Postmodern
2005,73,Jack Johnson,Better Together
2005,74,Missy Higgins,The Sound Of White
2005,75,Beck,Que Onda Guero
2005,76,System of a Down,Hypnotize
2005,77,Bright Eyes,First Day of My Life
2005,78,After The Fall,The Fighter
2005,79,Babyshambles,Fuck Forever
2005,80,The Chemical Brothers,Believe
2005,81,The Beautiful Girls,Let's Take the Long Way Home
2005,82,The Dandy Warhols,Smoke It
2005,83,Scissor Sisters,Filthy/Gorgeous
2005,84,Wolfmother,White Unicorn
2005,85,Epicure,Tightrope Walker
2005,86,Ben Lee,Into the Dark
2005,87,The Herd,We Can't Hear You
2005,88,Bloc Party,Like Eating Glass
2005,89,Ben Folds,Bastard
2005,90,Franz Ferdinand,Walk Away
2005,91,Emiliana Torrini,Heartstopper
2005,92,Xavier Rudd,Messages
2005,93,Franz Ferdinand,The Fallen
2005,94,Clare Bowditch,On This Side
2005,95,Kisschasy,Face Without a Name
2005,96,Little Birdy,Six Months in a Leaky Boat
2005,97,Karnivool,Themata
2005,98,Garbage,Why Do You Love Me
2005,99,The Wrights,Evie Pt. 1
2005,100,The Cat Empire,Party Started
2006,1,Augie March,One Crowded Hour
2006,2,Eskimo Joe,"Black Fingernails, Red Wine"
2006,3,Hilltop Hoods,The Hard Road
2006,4,The Killers,When You Were Young
2006,5,Scissor Sisters,I Don't Feel Like Dancin'
2006,6,Gnarls Barkley,Crazy
2006,7,Snow Patrol,Chasing Cars
2006,8,Gotye,Hearts a Mess
2006,9,Muse,Starlight
2006,10,The Grates,19-20-20
2006,11,Little Birdy,"Come On, Come On"
2006,12,The John Butler Trio,Funky Tonight
2006,13,My Chemical Romance,Welcome to the Black Parade
2006,14,OK Go,Here It Goes Again
2006,15,Lily Allen,Smile
2006,16,Peter Bjorn and John,Young Folks
2006,17,The Grates,Science is Golden
2006,18,Muse,Supermassive Black Hole
2006,19,Lupe Fiasco,"Kick, Push"
2006,20,Regina Spektor,Fidelity
2006,21,Youth Group,Forever Young
2006,22,Tool,Vicarious
2006,23,Hilltop Hoods,Clown Prince
2006,24,Yeah Yeah Yeahs,Gold Lion
2006,25,Placebo,Meds
2006,26,Camille,Ta Douleur
2006,27,The Strokes,You Only Live Once
2006,28,The Saboteurs,"Steady, As She Goes"
2006,29,Tool,The Pot
2006,30,Arctic Monkeys,When the Sun Goes Down
2006,31,The Killers,Bones
2006,32,The Butterfly Effect,Gone
2006,33,The Cops,Call Me Anytime
2006,34,Red Hot Chili Peppers,Dani California
2006,35,Lily Allen,LDN
2006,36,Bob Evans,Nowhere Without You
2006,37,Bob Evans,Don't You Think It's Time
2006,38,Josh Pyke,Memories and Dust
2006,39,The Butterfly Effect,A Slow Descent
2006,40,Basement Jaxx,Take Me Back to Your House
2006,41,Hilltop Hoods,What a Great Night
2006,42,The Grates,Inside Outside
2006,43,Angus and Julia Stone,Paper Aeroplane
2006,44,Lady Sovereign,Love Me or Hate Me
2006,45,Karnivool,Roquefort {ft. The Cat Empire}
2006,46,AFI,Miss Murder
2006,47,Pony Up!,The Truth About Cats & Dogs (Is That They Die)
2006,48,Regina Spektor,On the Radio
2006,49,Arctic Monkeys,Fake Tales of San Francisco
2006,50,The Strokes,Heart in a Cage
2006,51,Something for Kate,Cigarettes and Suitcases
2006,52,The Herd,Unpredictable
2006,53,The Living End,Wake Up
2006,54,Eagles of Death Metal,I Want You So Hard (Boy's Bad News)
2006,55,Wolfmother,Woman {MSTRKRFT Remix}
2006,56,Hilltop Hoods,Stopping All Stations
2006,57,Josh Pyke,Private Education
2006,58,Sarah Blasko,Always On This Line
2006,59,Placebo,Song to Say Goodbye
2006,60,Hot Chip,Over and Over
2006,61,Foo Fighters,Everlong {Acoustic Live}
2006,62,Justice Vs Simian,We Are Your Friends
2006,63,TV on the Radio,Wolf Like Me
2006,64,Something With Numbers,Apple of the Eye (Lay Me Down)
2006,65,Bloc Party,The Prayer
2006,66,Yeah Yeah Yeahs,Phenomena
2006,67,AFI,Love Like Winter
2006,68,Darren Hanlon,Happiness Is A Chemical
2006,69,Beck,Nausea
2006,70,Ben Folds,Such Great Heights
2006,71,The Grates,Lies Are Much More Fun
2006,72,Jet,Put Your Money Where Your Mouth Is
2006,73,Matisyahu,King Without a Crown
2006,74,Snow Patrol,Hands Open
2006,75,Ben Kweller,Sundress
2006,76,Jet,Rip It Up
2006,77,Hilltop Hoods,Recapturing The Vibe
2006,78,Placebo,Infra-red
2006,79,Sarah Blasko,Explain
2006,80,Wolfmother,Love Train
2006,81,Gnarls Barkley,Gone Daddy Gone
2006,82,Freestylers/Pendulum,Painkiller
2006,83,Butterfingers,Get Up Outta The Dirt
2006,84,Thom Yorke,Black Swan
2006,85,Infadels,Love Like Semtex
2006,86,Kanye West,Touch the Sky {ft. Lupe Fiasco}
2006,87,Ben Harper,Better Way
2006,88,Pendulum,Tarantula
2006,89,Arctic Monkeys,Mardy Bum
2006,90,Jurassic 5,Work It Out {ft. Dave Matthews Band}
2006,91,Panic! at the Disco,The Only Difference Between Martyrdom and Suicide Is Press Coverage
2006,92,Lily Allen,Alfie
2006,93,Lily Allen,Everything's Just Wonderful
2006,94,Gotye,Learnalilgivinanlovin
2006,95,Eskimo Joe,New York
2006,96,Red Riders,Slide In Next To Me
2006,97,Pearl Jam,World Wide Suicide
2006,98,The Gossip,Standing In The Way Of Control
2006,99,Audioslave,Original Fire
2006,100,Blue King Brown,Come And Check Your Head
2007,1,Muse,Knights of Cydonia
2007,2,Silverchair,Straight Lines
2007,3,Kings of Leon,On Call
2007,4,The John Butler Trio,Better Than
2007,5,Faker,This Heart Attack
2007,6,Foo Fighters,The Pretender
2007,7,Daft Punk,"Harder, Better, Faster, Stronger {Alive 2007}"
2007,8,Cold War Kids,Hang Me Up to Dry
2007,9,Soko,I'll Kill Her
2007,10,The Panics,Don't Fight It
2007,11,Bluejuice,Vitriol
2007,12,The Wombats,Let's Dance to Joy Division
2007,13,Kaiser Chiefs,Ruby
2007,14,Muscles,Ice Cream
2007,15,Powderfinger,Lost and Running
2007,16,Gyroscope,Snakeskin
2007,17,M.I.A,Paper Planes
2007,18,The Presets,My People
2007,19,Architecture in Helsinki,Heart It Races
2007,20,Kanye West,Stronger
2007,21,The Chemical Brothers,The Salmon Dance
2007,22,The John Butler Trio,Used To Get High
2007,23,The White Stripes,Icky Thump
2007,24,Bloc Party,Hunting For Witches
2007,25,Urthboy,We Get Around
2007,26,Hilltop Hoods,Recapturing The Vibe (Restrung)
2007,27,Operator Please,Just a Song About Ping Pong
2007,28,Silversun Pickups,Lazy Eye
2007,29,Regina Spektor,Real Love {Like A Version}
2007,30,Silverchair,If You Keep Losing Sleep
2007,31,Angus and Julia Stone,Wasted
2007,32,Kisschasy,Opinions Won't Keep You Warm at Night
2007,33,Kings of Leon,Fans
2007,34,Feist,1234
2007,35,Justice,D.A.N.C.E.
2007,36,Architecture in Helsinki,Hold Music
2007,37,Cold War Kids,Hospital Beds
2007,38,The Beautiful Girls,I Thought About You
2007,39,Cut Copy,Hearts on Fire
2007,40,Bloc Party,I Still Remember
2007,41,Modest Mouse,Dashboard
2007,42,Tegan and Sara,Back In Your Head
2007,43,Lupe Fiasco,Superstar
2007,44,My Chemical Romance,Teenagers
2007,45,Angus and Julia Stone,The Beast
2007,46,British India,Tie Up My Hands
2007,47,Cog,What If
2007,48,Bloc Party,Flux
2007,49,Arctic Monkeys,Fluorescent Adolescent
2007,50,The Cat Empire,So Many Nights
2007,51,Missy Higgins,Peachy
2007,52,Kisschasy,Spray on Pants
2007,53,Missy Higgins,Steer
2007,54,Klaxons,Golden Skans
2007,55,The John Butler Trio,Good Excuse
2007,56,Xavier Rudd,Better People
2007,57,Midnight Juggernauts,Into the Galaxy
2007,58,Muse,Invincible
2007,59,The Fratellis,Chelsea Dagger
2007,60,Kings of Leon,Charmer
2007,61,Birds of Tokyo,Wayside
2007,62,The Cat Empire,No Longer There
2007,63,Karnivool,The Only Way {Gotye cover}
2007,64,The Shins,Australia
2007,65,Editors,Smokers Outside the Hospital Doors
2007,66,Powderfinger,I Don't Remember
2007,67,Amy Winehouse,Rehab {Jay-Z Remix}
2007,68,Ben Kweller,Penny on the Train Track
2007,69,Digitalism,Pogo
2007,70,Tegan and Sara,The Con
2007,71,The Butterfly Effect,Reach
2007,72,Jose Gonzalez,Down the Line
2007,73,Grinspoon,Black Tattoo
2007,74,British India,Run the Red Light
2007,75,Kasabian,Shoot the Runner
2007,76,Muscles,Sweaty
2007,77,Operator Please,Get What You Want
2007,78,Arctic Monkeys,Brianstorm
2007,79,Josh Pyke,Lines On Palms
2007,80,Silverchair,Reflections of a Sound
2007,81,Arcade Fire,No Cars Go
2007,82,Foo Fighters,Long Road to Ruin
2007,83,Wolfmother,Pleased to Meet You
2007,84,The Chemical Brothers,Do It Again
2007,85,Yeah Yeah Yeahs,Down Boy
2007,86,Midnight Juggernauts,Tombstone
2007,87,Jackson Jackson,Eliza
2007,88,The Cops,The Message
2007,89,Queens of the Stone Age,"Sick, Sick, Sick"
2007,90,Clare Bowditch and the Feeding Set,When the Lights Went Down
2007,91,Josh Pyke,Sew My Name
2007,92,The Waifs,Sun Dirt Water
2007,93,The Bumblebeez,Dr. Love
2007,94,Radiohead,Jigsaw Falling Into Place
2007,95,Regina Spektor,Samson
2007,96,Ben Lee,Love Me Like the World Is Ending
2007,97,Josh Pyke,Forever Song
2007,98,Interpol,The Heinrich Maneuver
2007,99,The Hives,Tick Tick Boom
2007,100,Pnau,Wild Strawberries
2008,1,Kings of Leon,Sex on Fire
2008,2,MGMT,Electric Feel
2008,3,Kings of Leon,Use Somebody
2008,4,Empire of the Sun,Walking on a Dream
2008,5,MGMT,Kids
2008,6,The Presets,Talk Like That
2008,7,Pez,The Festival Song {ft. 360 & Hailey Cramer}
2008,8,The Presets,This Boy's in Love
2008,9,The Ting Tings,That's Not My Name
2008,10,Drapht,Jimmy Recard
2008,11,Ladyhawke,My Delirium
2008,12,Pnau,Embrace {ft. Ladyhawke}
2008,13,The Herd,The King Is Dead
2008,14,The Rapture,No Sex for Ben
2008,15,Cut Copy,Lights & Music
2008,16,Ben Folds,You Don't Know Me {ft. Regina Spektor}
2008,17,Dizzee Rascal,Dance Wiv Me {ft. Calvin Harris & Chrome}
2008,18,MGMT,Time to Pretend
2008,19,Flight of the Conchords,Business Time
2008,20,Birds of Tokyo,Broken Bones
2008,21,Bon Iver,Skinny Love
2008,22,Birds of Tokyo,Silhouettic
2008,23,The Living End,White Noise
2008,24,Kings of Leon,Closer
2008,25,Kaiser Chiefs,Never Miss a Beat
2008,26,Ladyhawke,Paris Is Burning
2008,27,Josh Pyke,The Lighthouse Song
2008,28,Architecture in Helsinki,That Beep
2008,29,Josh Pyke,Make You Happy
2008,30,Vampire Weekend,Oxford Comma
2008,31,Cog,Bird of Feather
2008,32,Vampire Weekend,A-Punk
2008,33,The Kooks,Always Where I Need to Be
2008,34,The Grates,Burn Bridges
2008,35,Nick Cave & The Bad Seeds,"Dig, Lazarus, Dig!!!"
2008,36,Death Cab For Cutie,I Will Possess Your Heart
2008,37,British India,I Said I'm Sorry
2008,38,Cold War Kids,Something Is Not Right With Me
2008,39,Ida Maria,I Like You So Much Better When You're Naked
2008,40,Bliss n Eso,Eye of the Storm
2008,41,Soko,I Will Never Love You More
2008,42,Emiliana Torrini,Jungle Drum
2008,43,Laura Marling,Ghosts
2008,44,Art vs Science,Flippers
2008,45,Muscles,Ice Cream {Triple J live acoustic version}
2008,46,Lily Allen,The Fear
2008,47,Little Red,Coca Cola
2008,48,Something With Numbers,Stay With Me Bright Eyes
2008,49,Mystery Jets,Young Love
2008,50,Ash Grunwald,Breakout
2008,51,Birds of Tokyo,Wild Eyed Boy
2008,52,The Killers,Human
2008,53,The Butterfly Effect,Window and the Watcher
2008,54,Pnau,Baby
2008,55,Ween,Your Party
2008,56,The Presets,Yippiyo-Ay
2008,57,Santogold,L.E.S. Artistes
2008,58,Vampire Weekend,Cape Cod Kwassa Kwassa
2008,59,The Getaway Plan,Where the City Meets the Sea
2008,60,Flight of the Conchords,Most Beautiful Girl in the Room
2008,61,Bliss n Eso,The Sea is Rising
2008,62,Faker,Sleepwalking
2008,63,The Herd,2020
2008,64,"Does It Offend You, Yeah?",Dawn of the Dead
2008,65,Fleet Foxes,White Winter Hymnal
2008,66,Children Collide,Farewell Rocketship
2008,67,Flight of the Conchords,Hiphopopotamus vs. Rhymenoceros
2008,68,Empire of the Sun,We Are the People
2008,69,Hot Chip,Ready for the Floor
2008,70,Kings of Leon,Crawl
2008,71,Vampire Weekend,One (Blake's Got a New Face)
2008,72,Band of Horses,No One's Gonna Love You
2008,73,The Killers,Spaceman
2008,74,Black Kids,I'm Not Gonna Teach Your Boyfriend How To Dance With You
2008,75,Tame Impala,Half Full Glass of Wine
2008,76,Yves Klein Blue,Polka
2008,77,Drapht,Falling
2008,78,The Ting Tings,Shut Up and Let Me Go
2008,79,Sparkadia,Jealousy
2008,80,The Grates,Aw Yeah
2008,81,Weezer,Pork and Beans
2008,82,Franz Ferdinand,Ulysses
2008,83,The Grates,Carve Your Name
2008,84,Rise Against,Re-Education (Through Labor)
2008,85,Gyroscope,1981
2008,86,Muph & Plutonic,Beautiful Ugly
2008,87,Jack White and Alicia Keys,Another Way to Die
2008,88,Metallica,The Day That Never Comes
2008,89,Kanye West,Love Lockdown
2008,90,Lily Allen,Fuck You
2008,91,Lisa Mitchell,Neopolitan Dreams
2008,92,Pendulum,Propane Nightmares
2008,93,Sigur Ros,Gobbledigook
2008,94,Bliss n Eso,Woodstock 2008
2008,95,Wiley,Wearing My Rolex
2008,96,Dizzee Rascal,Flex {Dave Spoon Reflex}
2008,97,Cog,Are You Interested?
2008,98,Lyrics Born,"I Like It, I Love It"
2008,99,Muph & Plutonic,Don't Worry About Nothin'
2008,100,Dukes of Windsor,It's A War
2009,1,Mumford & Sons,Little Lion Man
2009,2,Art vs Science,Parlez Vous Francais?
2009,3,Hilltop Hoods,Chase That Feeling
2009,4,Phoenix,Lisztomania
2009,5,Bluejuice,Broken Leg
2009,6,La Roux,Bulletproof
2009,7,Lisa Mitchell,Coin Laundry
2009,8,Lily Allen,Not Fair
2009,9,Muse,Uprising
2009,10,Florence and the Machine,Dog Days Are Over
2009,11,Yeah Yeah Yeahs,Heads Will Roll
2009,12,Dizzee Rascal and Armand Van Helden,Bonkers
2009,13,Phoenix,1901
2009,14,Jamie T,Sticks 'n' Stones
2009,15,Edward Sharpe and the Magnetic Zeros,Home
2009,16,Gossip,Heavy Cross
2009,17,Kasabian,Fire
2009,18,Bag Raiders,Shooting Stars
2009,19,Muse,Undisclosed Desires
2009,20,Passion Pit,Sleepyhead
2009,21,The Temper Trap,Fader
2009,22,Vampire Weekend,Cousins
2009,23,The Bloody Beetroots,Warp 1.9 {ft. Steve Aoki}
2009,24,Flight of the Conchords,Carol Brown
2009,25,Yeah Yeah Yeahs,Zero
2009,26,Metric,Help I'm Alive
2009,27,La Roux,In for the Kill
2009,28,Sarah Blasko,We Won't Run
2009,29,Sarah Blasko,All I Want
2009,30,Flight of the Conchords,Hurt Feelings
2009,31,Seth Sentry,The Waitress Song
2009,32,Paul Dempsey,Ramona Was a Waitress
2009,33,Kid Cudi,Pursuit of Happiness {ft. MGMT & Ratatat}
2009,34,Little Birdy,Brother
2009,35,Muse,Resistance
2009,36,Weezer,(If You're Wondering If I Want You To) I Want You To
2009,37,Hilltop Hoods,Still Standing
2009,38,Passion Pit,Little Secrets
2009,39,The John Butler Trio,One Way Road
2009,40,Angus & Julia Stone,And the Boys
2009,41,Simian Mobile Disco,Audacity of Huge {ft. Chris Keating}
2009,42,British India,Vanilla
2009,43,The Bloody Beetroots,Awesome {ft. The Cool Kids}
2009,44,Florence and the Machine,Rabbit Heart (Raise It Up)
2009,45,Florence and the Machine,Drumming Song
2009,46,Bon Iver,Blood Bank
2009,47,Karnivool,Set Fire to the Hive
2009,48,The Temper Trap,Science of Fear
2009,49,Powderfinger,All of the Dreamers
2009,50,Sia,Buttons {CSS Remix}
2009,51,Kasabian,Where Did All the Love Go?
2009,52,Vampire Weekend,Horchata
2009,53,Miike Snow,Animal
2009,54,Arctic Monkeys,Crying Lightning
2009,55,Franz Ferdinand,No You Girls
2009,56,The xx,Islands
2009,57,Philadelphia Grand Jury,The Good News
2009,58,The Temper Trap,Love Lost
2009,59,Calvin Harris,I'm Not Alone
2009,60,Lily Allen,22
2009,61,Grizzly Bear,Two Weeks
2009,62,Bloc Party,One More Chance
2009,63,Karnivool,All I Know
2009,64,The Middle East,Blood
2009,65,Eskimo Joe,Foreign Land
2009,66,Illy,Pictures
2009,67,Washington,Cement
2009,68,The Prodigy,Omen
2009,69,Death Cab for Cutie,Meet Me on the Equinox
2009,70,Animal Collective,My Girls
2009,71,Bertie Blackman,Byrds of Prey
2009,72,Sia,You've Changed
2009,73,MSTRKRFT,Heartbreaker {ft. John Legend}
2009,74,Art vs Science,Friend in the Field
2009,75,Wolfmother,New Moon Rising
2009,76,Julian Casablancas,11th Dimension
2009,77,Jet,She's a Genius
2009,78,Tame Impala,Remember Me
2009,79,Yves Klein Blue,Getting Wise
2009,80,Dizzee Rascal,Holiday
2009,81,Mumford & Sons,The Cave
2009,82,Miami Horror,Sometimes
2009,83,Basement Jaxx,Raindrops
2009,84,Muse,United States of Eurasia
2009,85,Kasabian,Underdog
2009,86,Flight of the Conchords,Too Many Dicks (On the Dance Floor)
2009,87,The Middle East,The Darkest Side
2009,88,NOFX,Creeping Out Sara
2009,89,Jay-Z,D.O.A. (Death of Auto-Tune)
2009,90,Florence and the Machine,Kiss with a Fist
2009,91,Manchester Orchestra,I've Got Friends
2009,92,Friendly Fires,Skeleton Boy
2009,93,Bertie Blackman,Thump
2009,94,Regina Spektor,Blue Lips
2009,95,Silversun Pickups,Panic Switch
2009,96,Deadmau5,Ghosts N Stuff
2009,97,Regina Spektor,Laughing With
2009,98,Them Crooked Vultures,New Fang
2009,99,Tegan and Sara,Hell
2009,100,Foo Fighters,Wheels
2010,1,Angus & Julia Stone,Big Jet Plane
2010,2,Little Red,Rock It
2010,3,Ou Est Le Swimming Pool,Dance the Way I Feel
2010,4,Birds of Tokyo,Plans
2010,5,Boy & Bear,Fall at Your Feet
2010,6,Adrian Lux,Teenage Crime
2010,7,Cee-Lo Green,Fuck You!
2010,8,The Wombats,Tokyo (Vampires & Wolves)
2010,9,Art vs Science,Magic Fountain
2010,10,Mark Ronson & The Business Intl.,Somebody to Love Me {ft. Boy George & Andrew Wyatt}
2010,11,Pendulum,ABC News Theme Remix
2010,12,Drapht,Rapunzel
2010,13,Sia,Clap Your Hands
2010,14,Kanye West,Runaway {ft. Pusha T}
2010,15,Duck Sauce,Barbra Streisand
2010,16,The Jezabels,Mace Spray
2010,17,Mark Ronson & The Business Intl.,Bang Bang Bang {ft. Q-Tip & MNDR}
2010,18,Cloud Control,There's Nothing in the Water We Can't Fight
2010,19,Flight Facilities,Crave You {ft. Giselle}
2010,20,Washington,Sunday Best
2010,21,Two Door Cinema Club,Undercover Martyn
2010,22,Children Collide,Jellylegs
2010,23,Bliss n Eso,Addicted
2010,24,Sparkadia,Talking Like I'm Falling Down Stairs
2010,25,Gotye,Eyes Wide Open
2010,26,Crystal Castles,Not in Love {ft. Robert Smith}
2010,27,Dizzee Rascal & Florence and the Machine,You Got the Dirtee Love
2010,28,Darwin Deez,Radar Detector
2010,29,Illy,It Can Wait
2010,30,Yeasayer,O.N.E.
2010,31,The National,Bloodbuzz Ohio
2010,32,Foster the People,Pumped Up Kicks
2010,33,Tame Impala,Solitude Is Bliss
2010,34,The Naked and Famous,Punching in a Dream
2010,35,Mark Ronson & The Business Intl.,The Bike Song {ft. Kyle Falconer & Spank Rock}
2010,36,Chiddy Bang,Opposite of Adults
2010,37,Gorillaz,Doncamatic {ft. Daley}
2010,38,The Naked and Famous,Young Blood
2010,39,The John Butler Trio,Revolution
2010,40,Gyroscope,"Baby, I'm Gettin' Better"
2010,41,Bliss n Eso,Down by the River
2010,42,Gorillaz,On Melancholy Hill
2010,43,Yolanda Be Cool & DCUP,We No Speak Americano
2010,44,Crystal Castles,Baptism
2010,45,Boy & Bear,Rabbit Song
2010,46,Bag Raiders,Way Back Home
2010,47,Birds of Tokyo,Wild at Heart
2010,48,Pendulum,Witchcraft
2010,49,The Jezabels,Easy to Love
2010,50,Hot Chip,One Life Stand
2010,51,Yeasayer,Ambling Alp
2010,52,The John Steel Singers,Overpass
2010,53,Bliss n Eso,Reflections
2010,54,Miami Horror,Holidays
2010,55,Vampire Weekend,Giving Up the Gun
2010,56,Sia,Bring Night
2010,57,Example,Kickstarts
2010,58,Arcade Fire,The Suburbs
2010,59,Washington,Rich Kids
2010,60,Children Collide,My Eagle
2010,61,Ou Est Le Swimming Pool,Jackson's Last Stand
2010,62,Angus & Julia Stone,Hold On
2010,63,Arcade Fire,Ready to Start
2010,64,Gypsy & the Cat,Jona Vark
2010,65,Dead Letter Circus,One Step
2010,66,Cold War Kids,Audience
2010,67,Vampire Weekend,Holiday
2010,68,Andy Bull,Dog {ft. Lisa Mitchell}
2010,69,Pendulum,Watercolour
2010,70,Groove Armada,Paper Romance
2010,71,Gypsy & the Cat,The Piper's Song
2010,72,Two Door Cinema Club,I Can Talk
2010,73,Gypsy & the Cat,Time to Wander
2010,74,Tame Impala,Lucidity
2010,75,Hungry Kids of Hungary,Coming Around
2010,76,Kings of Leon,Radioactive
2010,77,Big Boi,Shutterbugg
2010,78,Gorillaz,Stylo
2010,79,Little Red,Slow Motion
2010,80,The Black Keys,Howlin' for You
2010,81,Klaxons,Echoes
2010,82,The Black Keys,Tighten Up
2010,83,Arcade Fire,Modern Man
2010,84,Washington,The Hardest Part
2010,85,Hot Chip,I Feel Better
2010,86,Evil Eddie,Queensland
2010,87,Birds of Tokyo,The Saddest Thing I Know
2010,88,Kanye West,"Monster {ft. Jay-Z, Rick Ross, Nicki Minaj & Bon Iver}"
2010,89,Interpol,Barricade
2010,90,Art vs Science,Finally See Our Way
2010,91,The Bedroom Philosopher,Northcote (So Hungover)
2010,92,LCD Soundsystem,I Can Change
2010,93,The National,Anyone's Ghost
2010,94,Xavier Rudd,Time to Smile
2010,95,Broken Bells,The High Road
2010,96,Jonsi,Go Do
2010,97,Parkway Drive,Sleepwalker
2010,98,Foals,Spanish Sahara
2010,99,Dead Letter Circus,Big
2010,100,Muse,Neutron Star Collision (Love Is Forever)
2011,1,Gotye,Somebody That I Used to Know {ft. Kimbra}
2011,2,The Black Keys,Lonely Boy
2011,3,Matt Corby,Brother
2011,4,Boy & Bear,Feeding Line
2011,5,M83,Midnight City
2011,6,Lana Del Rey,Video Games
2011,7,San Cisco,Awkward
2011,8,360,Boys Like You {ft. Gossling}
2011,9,The Jezabels,Endless Summer
2011,10,Hilltop Hoods,I Love It {ft. Sia}
2011,11,Calvin Harris,Feel So Close
2011,12,Architecture in Helsinki,Contact High
2011,13,Florence and the Machine,Shake It Out
2011,14,Foster the People,Call It What You Want
2011,15,Foster the People,Helena Beat
2011,16,Grouplove,Tongue Tied
2011,17,Seeker Lover Keeper,Even Though I'm a Woman
2011,18,The Wombats,Jump into the Fog
2011,19,Nero,Promises
2011,20,Bluejuice,Act Yr Age
2011,21,Skrillex,Scary Monsters and Nice Sprites
2011,22,Snakadaktal,Air
2011,23,Emma Louise,Jungle
2011,24,The Wombats,1996
2011,25,Kimbra,Cameo Lover
2011,26,The Wombats,Techno Fan
2011,27,Example,Changed the Way You Kiss Me
2011,28,Owl Eyes,Pumped Up Kicks {Like a Version}
2011,29,Drapht,Sing It (The Life of Riley)
2011,30,Calvin Harris,Bounce {ft. Kelis}
2011,31,Ball Park Music,It's Nice to Be Alive
2011,32,Noah & the Whale,L.I.F.E.G.O.E.S.O.N.
2011,33,Jay-Z & Kanye West,Otis {ft. Otis Redding}
2011,34,Gotye,I Feel Better
2011,35,Illy,Cigarettes
2011,36,Florence and the Machine,"No Light, No Light"
2011,37,360,Killer
2011,38,Ball Park Music,All I Want Is You
2011,39,Benny Benassi,Cinema {ft. Gary Go} {Skrillex Remix}
2011,40,Foster The People,Houdini
2011,41,The Strokes,Under Cover of Darkness
2011,42,Florence and the Machine,What the Water Gave Me
2011,43,Grouplove,Itchin' on a Photograph
2011,44,Hermitude,Speak of the Devil
2011,45,The Kooks,Junk of the Heart (Happy)
2011,46,Active Child,Hanging On
2011,47,Sparkadia,Mary
2011,48,Art vs. Science,A.I.M. Fire!
2011,49,Boy & Bear,Milk & Sticks
2011,50,Boy & Bear,Part Time Believer
2011,51,The Drums,Money
2011,52,Kimbra,Good Intent
2011,53,Bon Iver,Holocene
2011,54,The Grates,Turn Me On
2011,55,Architecture In Helsinki,Escapee
2011,56,Sparkadia,China
2011,57,The Rubens,Lay It Down
2011,58,Lykke Li,I Follow Rivers
2011,59,Washington,Holy Moses
2011,60,Joe Goddard,Gabriel {ft. Valentina}
2011,61,Radiohead,Lotus Flower
2011,62,Stonefield,Black Water Rising
2011,63,Foo Fighters,Rope
2011,64,Owl Eyes,Raiders
2011,65,Kasabian,Re-Wired
2011,66,Bon Iver,Perth
2011,67,New Navy,Zimbabwe
2011,68,Arctic Monkeys,Don't Sit Down 'Cause I've Moved Your Chair
2011,69,Bon Iver,Calgary
2011,70,Jebediah,She's Like a Comet
2011,71,Luke Million,Arnold
2011,72,Flight Facilities,Foreign Language {ft. Jess Higgs}
2011,73,Skrillex,First of the Year (Equinox)
2011,74,Drapht,Bali Party {ft. N'fa}
2011,75,Example & Skream,Shot Yourself In the Foot Again
2011,76,Redcoats,Dreamshaker
2011,77,Metronomy,The Look
2011,78,Husky,History's Door
2011,79,SBTRKT,Wildfire {ft. Little Dragon}
2011,80,Pnau,The Truth
2011,81,Busby Marou,Biding My Time
2011,82,Little Dragon,Ritual Union
2011,83,The Kills,Future Starts Slow
2011,84,360,Throw It Away {ft. Josh Pyke}
2011,85,Cosmo Jarvis,Gay Pirates
2011,86,Seeker Lover Keeper,Light All My Lights
2011,87,Gotye,In Your Light
2011,88,Bombay Bicycle Club,Shuffle
2011,89,Beirut,Santa Fe
2011,90,Beastie Boys,Make Some Noise
2011,91,City and Colour,Fragile Bird
2011,92,James Blake,The Wilhelm Scream
2011,93,Kimbra,Two Way Street
2011,94,The Wombats,Our Perfect Disease
2011,95,Grouplove,Naked Kids
2011,96,The Strokes,Machu Picchu
2011,97,Foo Fighters,Arlandria
2011,98,Jay-Z & Kanye West,Niggas in Paris
2011,99,The Beards,You Should Consider Having Sex with a Bearded Man
2011,100,Mr Little Jeans,The Suburbs
2012,1,Macklemore & Ryan Lewis,Thrift Shop {ft. Wanz}
2012,2,Of Monsters And Men,Little Talks
2012,3,alt-J,Breezeblocks
2012,4,Flume,Holdin On
2012,5,Mumford & Sons,I Will Wait
2012,6,Major Lazer,Get Free {ft. Amber Coffman}
2012,7,Tame Impala,Elephant
2012,8,Frank Ocean,Lost
2012,9,Tame Impala,Feels Like We Only Go Backwards
2012,10,The Rubens,My Gun
2012,11,Calvin Harris,Sweet Nothing {ft. Florence Welch}
2012,12,Flume,Sleepless {ft. Jezzabell Doran}
2012,13,The Black Keys,Gold On The Ceiling
2012,14,Icona Pop,I Love It {ft. Charli XCX}
2012,15,Macklemore & Ryan Lewis,Same Love {ft. Mary Lambert}
2012,16,Rudimental,Not Giving In {ft. John Newman & Alex Clare}
2012,17,Flight Facilities,Clair De Lune {ft. Christine Hoberg}
2012,18,Hermitude,HyperParadise {Flume Remix}
2012,19,The xx,Angels
2012,20,Rudimental,Feel The Love {ft. John Newman}
2012,21,Disclosure,Latch {ft. Sam Smith}
2012,22,The Temper Trap,Trembling Hands
2012,23,Ball Park Music,Coming Down
2012,24,Chet Faker,I'm Into You
2012,25,Skrillex,Bangarang {ft. Sirah}
2012,26,Seth Sentry,Dear Science
2012,27,Ball Park Music,Surrender
2012,28,Django Django,Default
2012,29,Loon Lake,Cherry Lips
2012,30,Bat For Lashes,Laura
2012,31,Alpine,Gasoline
2012,32,Florence + The Machine,Spectrum (Say My Name) {Calvin Harris Remix}
2012,33,Parachute Youth,Can't Get Better Than This
2012,34,Lana Del Rey,Born To Die
2012,35,360,Run Alone
2012,36,Miike Snow,Paddling Out
2012,37,Two Door Cinema Club,Sun
2012,38,Grimes,Oblivion
2012,39,Alabama Shakes,Hold On
2012,40,Arctic Monkeys,R U Mine?
2012,41,British India,I Can Make You Love Me
2012,42,MS MR,Hurricane
2012,43,The Lumineers,Ho Hey
2012,44,Xavier Rudd,Follow The Sun
2012,45,Chance Waters,Young & Dumb {ft. Bertie Blackman}
2012,46,Passion Pit,Take A Walk
2012,47,Of Monsters And Men,Mountain Sound
2012,48,San Cisco,Fred Astaire
2012,49,Thundamentals,Brother {Like A Version}
2012,50,Asta,My Heart Is On Fire
2012,51,Birds Of Tokyo,This Fire
2012,52,The Presets,Ghosts
2012,53,San Cisco,Wild Things
2012,54,The Bamboos,I Got Burned {ft. Tim Rogers}
2012,55,Knife Party,Internet Friends
2012,56,Frank Ocean,Thinkin Bout You
2012,57,Seth Sentry,Float Away
2012,58,Mumford & Sons,Babel
2012,59,Cosmo Jarvis,Love This
2012,60,Jack White,Love Interruption
2012,61,Sticky Fingers,Caress Your Soul
2012,62,Kid Cudi,Just What I Am {ft. King Chip}
2012,63,First Aid Kit,Wolf
2012,64,alt-J,Tessellate
2012,65,Grimes,Genesis
2012,66,The Rubens,The Best We Got
2012,67,Flume,On Top {ft. T-Shirt}
2012,68,Avicii,Silhouettes
2012,69,Matt Corby,Lonely Boy {Like A Version}
2012,70,The Presets,Promises
2012,71,Kendrick Lamar,Swimming Pools (Drank)
2012,72,Regina Spektor,All The Rowboats
2012,73,Ben Folds Five,Draw A Crowd
2012,74,The Shins,Simple Song
2012,75,Muse,Madness
2012,76,Illy,Heard It All
2012,77,Feed Me & Crystal Fighters,Love Is All I Got
2012,78,Totally Enormous Extinct Dinosaurs,Household Goods
2012,79,The Black Keys,Little Black Submarines
2012,80,Frank Ocean,Super Rich Kids {ft. Earl Sweatshirt}
2012,81,alt-J,Something Good
2012,82,Santigold,Disparate Youth
2012,83,The Jungle Giants,She's A Riot
2012,84,Hilltop Hoods,Rattling The Keys To The Kingdom
2012,85,Purity Ring,Fineshrine
2012,86,Lana Del Rey,Summertime Sadness
2012,87,The Bloody Beetroots & Greta Svabo Bech,Chronicles Of A Fallen Love
2012,88,C2C,Down The Road
2012,89,Chance Waters,Maybe Tomorrow {ft. Lilian Blue}
2012,90,Two Door Cinema Club,Sleep Alone
2012,91,Allday x C1,So Good
2012,92,Lisa Mitchell,Spiritus
2012,93,Snakadaktal,Dance Bear
2012,94,The Gaslight Anthem,45
2012,95,Last Dinosaurs,Andy
2012,96,"Kanye West, JAY Z & Big Sean",Clique
2012,97,Jack White,I'm Shakin'
2012,98,Kimbra,Warrior {ft. Mark Foster & A-Trak}
2012,99,M.I.A.,Bad Girls
2012,100,Everything Everything,Cough Cough
2013,1,Vance Joy,Riptide
2013,2,Lorde,Royals
2013,3,Daft Punk,Get Lucky {Ft. Pharrell Williams & Nile Rodgers}
2013,4,Arctic Monkeys,Do I Wanna Know?
2013,5,Flume & Chet Faker,Drop The Game
2013,6,Arctic Monkeys,Why'd You Only Call Me When You're High?
2013,7,Lana Del Rey,Young And Beautiful
2013,8,Matt Corby,Resolution
2013,9,The Preatures,Is This How You Feel?
2013,10,London Grammar,Strong
2013,11,HAIM,The Wire
2013,12,Lorde,Tennis Court
2013,13,James Blake,Retrograde
2013,14,Violent Soho,Covered In Chrome
2013,15,Lorde,Team
2013,16,Arcade Fire,Reflektor
2013,17,Daft Punk,Lose Yourself To Dance {Ft. Pharrell Williams}
2013,18,Arctic Monkeys,Arabella
2013,19,The Kite String Tangle,Given The Chance
2013,20,Kanye West,Black Skinhead
2013,21,RUFUS,Take Me
2013,22,Birds Of Tokyo,Lanterns
2013,23,Disclosure,When A Fire Starts To Burn
2013,24,Rudimental,Waiting All Night {Ft. Ella Eyre}
2013,25,The Wombats,Your Body Is A Weapon
2013,26,Vampire Weekend,Step
2013,27,HAIM,Falling
2013,28,Chvrches,Recover
2013,29,Foals,My Number
2013,30,Empire Of The Sun,Alive
2013,31,Vampire Weekend,Diane Young
2013,32,Thundamentals,Smiles Don't Lie
2013,33,Grouplove,Ways To Go
2013,34,RUFUS,Desert Night
2013,35,London Grammar,Hey Now
2013,36,Bloc Party,Ratchet
2013,37,Chvrches,Gun
2013,38,Touch Sensitive,Pizza Guy
2013,39,San Cisco,Get Lucky {Like A Version}
2013,40,The Amity Affliction,Born To Die
2013,41,Boy & Bear,Southern Sun
2013,42,Max Frost,White Lies
2013,43,Childish Gambino,3005
2013,44,Dustin Tebbutt,The Breach
2013,45,Robert Delong,Global Concepts
2013,46,Queens Of The Stone Age,If I Had A Tail
2013,47,Rudimental,Free {Ft. Emeli Sande}
2013,48,Flight Facilities,Stand Still {Ft. Micky Green}
2013,49,Daft Punk,Doin' It Right {Ft. Panda Bear}
2013,50,John Newman,Love Me Again
2013,51,Fatboy Slim & Riva Starr,Eat Sleep Rave Repeat
2013,52,Cloud Control,Scar
2013,53,Kingswood,Ohio
2013,54,Arcade Fire,Afterlife
2013,55,Boy & Bear,Harlequin Dream
2013,56,HAIM,If I Could Change Your Mind
2013,57,Andy Bull,Keep On Running
2013,58,Daft Punk,Instant Crush {Ft. Julian Casablancas}
2013,59,Kanye West,Bound 2
2013,60,Chvrches,Lies
2013,61,London Grammar,Wasting My Young Years
2013,62,Goldroom,Embrace
2013,63,Disclosure,You & Me {Flume Remix}
2013,64,The National,Graceless
2013,65,Chet Faker,Melt {Ft. Kilo Kish}
2013,66,Illy,Ausmusic Month Medley {Like A Version}
2013,67,Bliss N Eso,Act Your Age
2013,68,Something For Kate,Sweet Nothing {Like A Version}
2013,69,Disclosure,White Noise {Ft. AlunaGeorge}
2013,70,Sticky Fingers,Australia Street
2013,71,Two Door Cinema Club,Changing Of The Seasons
2013,72,Queens Of The Stone Age,I Sat By The Ocean
2013,73,Busta Rhymes,"Thank You {Ft. Q-Tip, Kanye West & Lil Wayne}"
2013,74,Major Lazer,Jessica {Ft. Ezra Koenig}
2013,75,Mikhael Paskalev,I Spy
2013,76,SAFIA,"Listen To Soul, Listen To Blues"
2013,77,Illy,Youngbloods {Ft. Ahren Stringer}
2013,78,MS MR,Fantasy
2013,79,A$AP Rocky,"F**kin' Problems {Ft. Drake, 2 Chainz & Kendrick Lamar}"
2013,80,Panama,Always
2013,81,Andy Bull,Baby I Am Nobody Now
2013,82,Cloud Control,Dojo Rising
2013,83,The Jezabels,The End
2013,84,British India,Summer Forgive Me
2013,85,Remi,Sangria
2013,86,Bring Me The Horizon,Sleepwalking
2013,87,John Butler Trio,Only One
2013,88,Josh Pyke,Leeward Side
2013,89,The Cat Empire,Brighter Than Gold
2013,90,Vampire Weekend,Unbelievers
2013,91,RUFUS,Tonight
2013,92,Bring Me The Horizon,Shadow Moses
2013,93,St Lucia,Elevate
2013,94,Bliss N Eso,House Of Dreams
2013,95,Vance Joy,Play With Fire
2013,96,Big Scary,Luck Now
2013,97,Queens Of The Stone Age,My God Is The Sun
2013,98,Horrorshow,Dead Star Shine
2013,99,Dillon Francis,Without You {Ft. Totally Enormous Extinct Dinosaurs}
2013,100,Karnivool,We Are
2014,1,Chet Faker,Talk Is Cheap
2014,2,Peking Duk,High {Ft. Nicole Millar}
2014,3,Hilltop Hoods,Cosby Sweater
2014,4,Milky Chance,Stolen Dance
2014,5,Peking Duk,Take Me Over {Ft. SAFIA}
2014,6,Mark Ronson,Uptown Funk {Ft. Bruno Mars}
2014,7,Chet Faker,Gold
2014,8,Chet Faker,1998
2014,9,Sia,Chandelier
2014,10,Asgeir,King And Cross
2014,11,ZHU,Faded
2014,12,Glass Animals,Gooey
2014,13,Vance Joy,Mess Is Mine
2014,14,alt-J,Every Other Freckle
2014,15,The Kite String Tangle,Arcadia
2014,16,alt-J,Left Hand Free
2014,17,Illy,Tightrope {Ft. Scarlett Stevens}
2014,18,Lorde,Yellow Flicker Beat
2014,19,Ball Park Music,She Only Loves Me When I'm There
2014,20,Sticky Fingers,Gold Snafu
2014,21,Chet Faker,(Lover) You Don't Treat Me No Good {Like A Version 2014}
2014,22,The Amity Affliction,Pittsburgh
2014,23,Future Islands,Seasons (Waiting On You)
2014,24,Meg Mac,Roll Up Your Sleeves
2014,25,Bluejuice,I'll Go Crazy
2014,26,alt-J,Hunger Of The Pine
2014,27,Banks,Beggin For Thread
2014,28,The Griswolds,Beware The Dog
2014,29,The Preatures,Somebody's Talking
2014,30,Thundamentals,Something I Said {Ft. Thom Crawford}
2014,31,Childish Gambino,Sober
2014,32,Lana Del Rey,West Coast
2014,33,San Cisco,RUN
2014,34,SBTRKT,NEW DORP. NEW YORK {Ft. Ezra Koenig}
2014,35,Allday,You Always Know The DJ
2014,36,Hilltop Hoods,Won't Let You Down {Ft. Maverick Sabre}
2014,37,Alison Wonderland,I Want U
2014,38,First Aid Kit,My Silver Lining
2014,39,Flight Facilities,Two Bodies {Ft. Emma Louise}
2014,40,Broods,Mother & Father
2014,41,Carmada,Maybe
2014,42,Kim Churchill,Window To The Sky
2014,43,Jamie T,Zombie
2014,44,Milky Chance,Flashed Junk Mind
2014,45,FKA twigs,Two Weeks
2014,46,Meg Mac,Grandma's Hands
2014,47,Lorde,Tennis Court (Flume Remix)
2014,48,DMA's,Delete
2014,49,TV On The Radio,Happy Idiot
2014,50,Vance Joy,First Time
2014,51,Courtney Barnett,Pickles From The Jar
2014,52,Flight Facilities,Sunshine {Ft. Reggie Watts}
2014,53,Kendrick Lamar,i
2014,54,Chvrches,Do I Wanna Know? {Like A Version 2014}
2014,55,Caribou,Can't Do Without You
2014,56,Kingswood,I Can Feel That You Don't Love Me
2014,57,Hilltop Hoods,Walking Under Stars
2014,58,Ball Park Music,Everything Is Shit Except My Friendship With You
2014,59,Ryksopp,Monument (The Inevitable End Version) {Ft. Robyn}
2014,60,Childish Gambino,Sweatpants
2014,61,Andy Bull,Talk Too Much
2014,62,Angus & Julia Stone,Heart Beats Slow
2014,63,The War On Drugs,Red Eyes
2014,64,The Amity Affliction,Don't Lean On Me
2014,65,Allday,Right Now
2014,66,clipping.,Work Work {Ft. Cocc Pistol Cree}
2014,67,Jungle,Busy Earnin'
2014,68,Bring Me The Horizon,Drown
2014,69,The Smith Street Band,Surrender
2014,70,Odd Mob,Is It A Banger?
2014,71,The Amity Affliction,The Weigh Down
2014,72,Run The Jewels,Close Your Eyes (And Count To Fuck) {Ft. Zack De La Rocha}
2014,73,Ryksopp & Robyn,Do It Again
2014,74,Duke Dumont,I Got U {Ft. Jax Jones}
2014,75,360,Live It Up {Ft. Pez}
2014,76,Kingswood,Micro Wars
2014,77,Highasakite,Since Last Wednesday
2014,78,Thundamentals,Quit Your Job
2014,79,Jack White,Lazaretto
2014,80,Rise Against,I Don't Want To Be Here Anymore
2014,81,The Avener,Fade Out Lines
2014,82,Hopium,Dreamers {Ft. Phoebe Lou}
2014,83,British India,Wrong Direction
2014,84,Foo Fighters,Something From Nothing
2014,85,Chvrches,Get Away
2014,86,Sticky Fingers,Just For You
2014,87,Briggs,Bad Apples
2014,88,DZ Deathrays,Gina Works At Hearts
2014,89,Cold War Kids,First
2014,90,Thundamentals,Got Love {Ft. Solo}
2014,91,Meg Mac,Bridges {Like A Version 2014}
2014,92,One Day,Love Me Less
2014,93,Vance Joy,Georgia
2014,94,Sticky Fingers,Liquorlip Loaded Gun
2014,95,Thelma Plum,How Much Does Your Love Cost?
2014,96,SAFIA,"Paranoia, Ghosts & Other Sounds"
2014,97,Japanese Wallpaper,Between Friends {Ft. Jesse Davidson}
2014,98,Bombay Bicycle Club,Luna
2014,99,Ball Park Music,Trippin' The Light Fantastic
2014,100,Tkay Maidza,Switch Lanes {Prod. Paces}
2015,1,The Rubens,Hoops
2015,2,Kendrick Lamar,King Kunta
2015,3,Major Lazer,Lean On {Ft. M/DJ Snake}
2015,4,Tame Impala,The Less I Know The Better
2015,5,Tame Impala,Let It Happen
2015,6,Marcus Marr & Chet Faker,The Trouble With Us
2015,7,Jarryd James,Do You Remember
2015,8,Hermitude,The Buzz {Ft. Mataya/Young Tapz}
2015,9,The Weeknd,Can't Feel My Face
2015,10,Disclosure,Magnets {Ft. Lorde}
2015,11,Meg Mac,Never Be
2015,12,RFS,You Were Right
2015,13,Duke Dumont,Ocean Drive
2015,14,Drake,Hotline Bling
2015,15,Violent Soho,Like Soda
2015,16,Vance Joy,Fire And The Flood
2015,17,DJ Snake,Middle {Ft. Bipolar Sunshine}
2015,18,Macklemore & Ryan Lewis,DOWNTOWN {Ft. Eric Nally/Melle Mel/Kool Moe Dee/Grandmaster Caz}
2015,19,The Weeknd,The Hills
2015,20,Foals,Mountain At My Gates
2015,21,Gang Of Youths,Magnolia
2015,22,L D R U,Keeping Score {Ft. Paige IV}
2015,23,SAFIA,Embracing Me
2015,24,Flume,Some Minds {Ft. Andrew Wyatt}
2015,25,The Amity Affliction,Shine On
2015,26,Jamie xx,I Know There's Gonna Be (Good Times) {Ft. Young Thug/Popcaan}
2015,27,Vallis Alps,Young
2015,28,RFS,Like An Animal
2015,29,The Wombats,Greek Tragedy
2015,30,Peking Duk,Say My Name {Ft. Benjamin Joseph}
2015,31,Jamie xx,Loud Places {Ft. Romy}
2015,32,Chvrches,Leave A Trace
2015,33,Urthboy,Long Loud Hours {Ft. Bertie Blackman}
2015,34,Tame Impala,Eventually
2015,35,SAFIA,Counting Sheep
2015,36,Snakehips,All My Friends {Ft. Tinashe/Chance The Rapper}
2015,37,Kendrick Lamar,Alright
2015,38,Florence + The Machine,Delilah
2015,39,Illy,Swear Jar
2015,40,Florence + The Machine,Ship To Wreck
2015,41,Claptone,Puppet Theatre {Ft. Peter Bjorn & John}
2015,42,Halsey,Hold Me Down
2015,43,Courtney Barnett,Pedestrian At Best
2015,44,Hayden James,Something About You
2015,45,Bring Me The Horizon,Throne
2015,46,The Chemical Brothers,Go {Ft. Q-Tip}
2015,47,Asta,Dynamite {Ft. Allday}
2015,48,Parkway Drive,Crushed
2015,49,San Cisco,Too Much Time Together
2015,50,BOO SEEKA,Deception Bay
2015,51,Chvrches,Clearest Blue
2015,52,Ratatat,Cream On Chrome
2015,53,Matt Corby,Monday
2015,54,ZHU x Skrillex x THEY.,Working For It
2015,55,Unknown Mortal Orchestra,Multi-Love
2015,56,Sia,Alive
2015,57,Alpine,Foolish
2015,58,Parkway Drive,Vice Grip
2015,59,Alison Wonderland,Run
2015,60,M,Kamikaze
2015,61,Tame Impala,Cause I'm A Man
2015,62,Disclosure,Omen {Ft. Sam Smith}
2015,63,Boy & Bear,Walk The Wire
2015,64,A$AP Rocky,L$D
2015,65,Alabama Shakes,Don't Wanna Fight
2015,66,Tkay Maidza,M.O.B.
2015,67,The Wombats,Give Me A Try
2015,68,Skepta,Shutdown
2015,69,Japanese Wallpaper,Forces {Ft. Airling}
2015,70,Florence + The Machine,What Kind Of Man
2015,71,Grimes,Flesh Without Blood
2015,72,Birds Of Tokyo,Anchor
2015,73,Ngaiire,Once
2015,74,Major Lazer,Powerful {Ft. Ellie Goulding/Tarrus Riley}
2015,75,Courtney Barnett,Elevator Operator
2015,76,British India,Suddenly
2015,77,DMA's,Lay Down
2015,78,Jack Garratt,Weathered
2015,79,The Cat Empire,Wolves
2015,80,A$AP Rocky,Everyday {Ft. Rod Stewart/Miguel/Mark Ronson}
2015,81,Tuka,Big Jet Plane {triple j Like A Version}
2015,82,Courtney Barnett,Depreston
2015,83,Flight Facilities,Down To Earth {Radio Edit}
2015,84,Sticky Fingers,Delete {triple j Like A Version}
2015,85,Flight Facilities,Heart Attack {Ft. Owl Eyes} {Radio Edit}
2015,86,Bring Me The Horizon,Happy Song
2015,87,Purity Ring,Begin Again
2015,88,The Bennies,Party Machine
2015,89,Lana Del Rey,High By The Beach
2015,90,What So Not,Gemini {Ft. George Maple}
2015,91,The Wombats,Be Your Shadow
2015,92,Golden Features,No One {Ft. Thelma Plum}
2015,93,Jai Wolf,Indian Summer
2015,94,Halsey,Ghost
2015,95,Courtney Barnett,Nobody Really Cares If You Don't Go To The Party
2015,96,Rudimental,Rumour Mill {Ft. Anne-Marie/Will Heard}
2015,97,Methyl Ethel,Twilight Driving
2015,98,Major Lazer,Be Together {Ft. Wild Belle}
2015,99,Bring Me The Horizon,True Friends
2015,100,Seth Sentry,Hell Boy
2016,1,Flume,Never Be Like You {Ft. Kai}
2016,2,Amy Shark,Adore
2016,3,Tash Sultana,Jungle
2016,4,Hilltop Hoods,1955 {Ft. Montaigne/Tom Thum}
2016,5,Childish Gambino,Redbone
2016,6,DMA'S,Believe {triple j Like A Version 2016}
2016,7,Illy,Papercuts {Ft. Vera Blue}
2016,8,Flume,Say It {Ft. Tove Lo}
2016,9,Peking Duk,Stranger {Ft. Elliphant}
2016,10,The Weeknd,Starboy {Ft. Daft Punk}
2016,11,Pnau,Chameleon
2016,12,Milky Chance,Cocoon
2016,13,Mura Masa,Love$ick {Ft. A$AP Rocky}
2016,14,Violent Soho,Viceroy
2016,15,Miike Snow,Genghis Khan
2016,16,A.B. Original,January 26 {Ft. Dan Sultan}
2016,17,Big Scary,The Opposite Of Us
2016,18,Chance The Rapper,All Night {Ft. Knox Fortune}
2016,19,Catfish And The Bottlemen,7
2016,20,The xx,On Hold
2016,21,The Smith Street Band,Death To The Lads
2016,22,Kanye West,Ultralight Beam
2016,23,Illy,Catch 22 {Ft. Anne-Marie}
2016,24,Cub Sport,Come On Mess Me Up
2016,25,Montaigne,Because I Love You
2016,26,SAFIA,Make Them Wheels Roll
2016,27,Gretta Ray,Drive
2016,28,The Avalanches,Frankie Sinatra
2016,29,Sticky Fingers,Our Town
2016,30,RFS,Innerbloom {What So Not Remix}
2016,31,Drake,One Dance {Ft. Wizkid/Kyla}
2016,32,Tash Sultana,Notion
2016,33,Dune Rats,Bullshit
2016,34,Dune Rats,Scott Green
2016,35,Client Liaison,World Of Our Love
2016,36,Sticky Fingers,Sad Songs
2016,37,Flume,Smoke &amp; Retribution {Ft. Vince Staples/KUCKA}
2016,38,Glass Animals,Youth
2016,39,DMA'S,Step Up The Morphine
2016,40,Kid Cudi,Surfin' {Ft. Pharrell Williams}
2016,41,The Weeknd,I Feel It Coming {Ft. Daft Punk}
2016,42,Broods,Heartlines
2016,43,M,Final Song
2016,44,D.D Dumbo,Satan
2016,45,A.B. Original,Dumb Things {Ft. Paul Kelly/Dan Sultan} {Like A Version 2016}
2016,46,Mac Miller,Dang! {Ft. Anderson .Paak}
2016,47,D.D Dumbo,Walrus
2016,48,Kingswood,Creepin
2016,49,Hilltop Hoods,Higher {Ft. James Chatburn}
2016,50,Gang Of Youths,Strange Diseases
2016,51,Sticky Fingers,Outcast At Last
2016,52,Halsey,Love Yourself {triple j Like A Version 2016}
2016,53,Violent Soho,Blanket
2016,54,Blink-182,Bored To Death
2016,55,RFS,Say A Prayer For Me
2016,56,Paces,Keeping Score {Ft. Guy Sebastian} {triple j Like A Version 2016}
2016,57,Catfish And The Bottlemen,Twice
2016,58,Ali Barter,Girlie Bits
2016,59,Frank Ocean,Solo
2016,60,Sofi Tukker,Drinkee
2016,61,King Gizzard &amp; The Lizard Wizard,Gamma Knife
2016,62,DOPE LEMON,Marinade
2016,63,Glass Animals,Life Itself
2016,64,Maggie Rogers,Alaska
2016,65,The Amity Affliction,All Fucked Up
2016,66,Beyonc,Hold Up
2016,67,The Amity Affliction,I Bring The Weather With Me
2016,68,L D R U,Next To You {Ft. Savoi}
2016,69,Violent Soho,So Sentimental
2016,70,Golden Features,Wolfie {Ft. Julia Stone}
2016,71,Broods,Free
2016,72,Kanye West,Famous
2016,73,Violent Soho,No Shade
2016,74,Camp Cope,Lost: Season One
2016,75,The Avalanches,Because I'm Me
2016,76,The Amity Affliction,This Could Be Heartbreak
2016,77,Catfish And The Bottlemen,Soundcheck
2016,78,Vera Blue,Settle
2016,79,Radiohead,Burn The Witch
2016,80,Banks,Gemini Feed
2016,81,Desiigner,Panda
2016,82,Thundamentals,Think About It {Ft. Peta &amp; The Wolves}
2016,83,Tkay Maidza,Simulation
2016,84,Frank Ocean,Pink + White
2016,85,SAFIA,My Love Is Gone
2016,86,Bliss N Eso,Dopamine {Ft. Thief}
2016,87,DOPE LEMON,Uptown Folks
2016,88,Childish Gambino,Me And Your Mama
2016,89,SAFIA,Over You
2016,90,Luca Brasi,Anything Near Conviction
2016,91,The Avalanches,Subways
2016,92,Violent Soho,How To Taste
2016,93,Empire Of The Sun,High And Low
2016,94,Vallis Alps,Fading
2016,95,Flume,Lose It {Ft. Vic Mensa}
2016,96,Elk Road,Hanging By A Thread {Ft. Natalie Foster}
2016,97,Alex Lahey,You Don't Think You Like People Like Me
2016,98,Glass Animals,Season 2 Episode 3
2016,99,Drake,Too Good {Ft. Rihanna}
2016,100,Birds Of Tokyo,Brace
